{
  "fio version" : "fio-3.28",
  "timestamp" : 1767721683,
  "timestamp_ms" : 1767721683412,
  "time" : "Tue Jan  6 18:48:03 2026",
  "jobs" : [
    {
      "jobname" : "kernel_zram_SEQ_READ",
      "groupid" : 0,
      "error" : 0,
      "eta" : 0,
      "elapsed" : 11,
      "job options" : {
        "name" : "kernel_zram_SEQ_READ",
        "filename" : "/dev/zram0",
        "rw" : "read",
        "bs" : "1M",
        "direct" : "1",
        "numjobs" : "8",
        "runtime" : "10"
      },
      "read" : {
        "io_bytes" : 1740881526784,
        "io_kbytes" : 1700079616,
        "bw_bytes" : 174070745603,
        "bw" : 169990962,
        "iops" : 166006.799320,
        "runtime" : 10001,
        "total_ios" : 1660234,
        "short_ios" : 0,
        "drop_ios" : 0,
        "slat_ns" : {
          "min" : 0,
          "max" : 0,
          "mean" : 0.000000,
          "stddev" : 0.000000,
          "N" : 0
        },
        "clat_ns" : {
          "min" : 45228,
          "max" : 1078892,
          "mean" : 47884.487719,
          "stddev" : 4334.678084,
          "N" : 1660234,
          "percentile" : {
            "1.000000" : 45824,
            "5.000000" : 45824,
            "10.000000" : 46336,
            "20.000000" : 46336,
            "30.000000" : 46848,
            "40.000000" : 46848,
            "50.000000" : 46848,
            "60.000000" : 47360,
            "70.000000" : 47360,
            "80.000000" : 47360,
            "90.000000" : 48896,
            "95.000000" : 53504,
            "99.000000" : 63232,
            "99.500000" : 79360,
            "99.900000" : 85504,
            "99.950000" : 99840,
            "99.990000" : 127488
          }
        },
        "lat_ns" : {
          "min" : 45259,
          "max" : 1078932,
          "mean" : 47936.060387,
          "stddev" : 4337.116530,
          "N" : 1660234
        },
        "bw_min" : 160223232,
        "bw_max" : 173797376,
        "bw_agg" : 100.000000,
        "bw_mean" : 170006096.842105,
        "bw_dev" : 463425.497560,
        "bw_samples" : 152,
        "iops_min" : 156468,
        "iops_max" : 169724,
        "iops_mean" : 166021.578947,
        "iops_stddev" : 452.563962,
        "iops_samples" : 152
      },
      "write" : {
        "io_bytes" : 0,
        "io_kbytes" : 0,
        "bw_bytes" : 0,
        "bw" : 0,
        "iops" : 0.000000,
        "runtime" : 0,
        "total_ios" : 0,
        "short_ios" : 0,
        "drop_ios" : 0,
        "slat_ns" : {
          "min" : 0,
          "max" : 0,
          "mean" : 0.000000,
          "stddev" : 0.000000,
          "N" : 0
        },
        "clat_ns" : {
          "min" : 0,
          "max" : 0,
          "mean" : 0.000000,
          "stddev" : 0.000000,
          "N" : 0
        },
        "lat_ns" : {
          "min" : 0,
          "max" : 0,
          "mean" : 0.000000,
          "stddev" : 0.000000,
          "N" : 0
        },
        "bw_min" : 0,
        "bw_max" : 0,
        "bw_agg" : 0.000000,
        "bw_mean" : 0.000000,
        "bw_dev" : 0.000000,
        "bw_samples" : 0,
        "iops_min" : 0,
        "iops_max" : 0,
        "iops_mean" : 0.000000,
        "iops_stddev" : 0.000000,
        "iops_samples" : 0
      },
      "trim" : {
        "io_bytes" : 0,
        "io_kbytes" : 0,
        "bw_bytes" : 0,
        "bw" : 0,
        "iops" : 0.000000,
        "runtime" : 0,
        "total_ios" : 0,
        "short_ios" : 0,
        "drop_ios" : 0,
        "slat_ns" : {
          "min" : 0,
          "max" : 0,
          "mean" : 0.000000,
          "stddev" : 0.000000,
          "N" : 0
        },
        "clat_ns" : {
          "min" : 0,
          "max" : 0,
          "mean" : 0.000000,
          "stddev" : 0.000000,
          "N" : 0
        },
        "lat_ns" : {
          "min" : 0,
          "max" : 0,
          "mean" : 0.000000,
          "stddev" : 0.000000,
          "N" : 0
        },
        "bw_min" : 0,
        "bw_max" : 0,
        "bw_agg" : 0.000000,
        "bw_mean" : 0.000000,
        "bw_dev" : 0.000000,
        "bw_samples" : 0,
        "iops_min" : 0,
        "iops_max" : 0,
        "iops_mean" : 0.000000,
        "iops_stddev" : 0.000000,
        "iops_samples" : 0
      },
      "sync" : {
        "total_ios" : 0,
        "lat_ns" : {
          "min" : 0,
          "max" : 0,
          "mean" : 0.000000,
          "stddev" : 0.000000,
          "N" : 0
        }
      },
      "job_runtime" : 80000,
      "usr_cpu" : 1.177500,
      "sys_cpu" : 98.783750,
      "ctx" : 793,
      "majf" : 0,
      "minf" : 2157,
      "iodepth_level" : {
        "1" : 100.000000,
        "2" : 0.000000,
        "4" : 0.000000,
        "8" : 0.000000,
        "16" : 0.000000,
        "32" : 0.000000,
        ">=64" : 0.000000
      },
      "iodepth_submit" : {
        "0" : 0.000000,
        "4" : 100.000000,
        "8" : 0.000000,
        "16" : 0.000000,
        "32" : 0.000000,
        "64" : 0.000000,
        ">=64" : 0.000000
      },
      "iodepth_complete" : {
        "0" : 0.000000,
        "4" : 100.000000,
        "8" : 0.000000,
        "16" : 0.000000,
        "32" : 0.000000,
        "64" : 0.000000,
        ">=64" : 0.000000
      },
      "latency_ns" : {
        "2" : 0.000000,
        "4" : 0.000000,
        "10" : 0.000000,
        "20" : 0.000000,
        "50" : 0.000000,
        "100" : 0.000000,
        "250" : 0.000000,
        "500" : 0.000000,
        "750" : 0.000000,
        "1000" : 0.000000
      },
      "latency_us" : {
        "2" : 0.000000,
        "4" : 0.000000,
        "10" : 0.000000,
        "20" : 0.000000,
        "50" : 91.088545,
        "100" : 8.861883,
        "250" : 0.048547,
        "500" : 0.010000,
        "750" : 0.010000,
        "1000" : 0.000000
      },
      "latency_ms" : {
        "2" : 0.010000,
        "4" : 0.000000,
        "10" : 0.000000,
        "20" : 0.000000,
        "50" : 0.000000,
        "100" : 0.000000,
        "250" : 0.000000,
        "500" : 0.000000,
        "750" : 0.000000,
        "1000" : 0.000000,
        "2000" : 0.000000,
        ">=2000" : 0.000000
      },
      "latency_depth" : 1,
      "latency_target" : 0,
      "latency_percentile" : 100.000000,
      "latency_window" : 0
    }
  ],
  "disk_util" : [
    {
      "name" : "zram0",
      "read_ios" : 1636194,
      "write_ios" : 0,
      "read_merges" : 0,
      "write_merges" : 0,
      "read_ticks" : 36077,
      "write_ticks" : 0,
      "in_queue" : 36077,
      "util" : 98.182731
    }
  ]
}
