{
  "fio version" : "fio-3.28",
  "timestamp" : 1767721658,
  "timestamp_ms" : 1767721658231,
  "time" : "Tue Jan  6 18:47:38 2026",
  "jobs" : [
    {
      "jobname" : "regular_swap_SEQ_READ",
      "groupid" : 0,
      "error" : 0,
      "eta" : 0,
      "elapsed" : 11,
      "job options" : {
        "name" : "regular_swap_SEQ_READ",
        "filename" : "/swapfile",
        "rw" : "read",
        "bs" : "1M",
        "direct" : "1",
        "numjobs" : "8",
        "runtime" : "10"
      },
      "read" : {
        "io_bytes" : 68235034624,
        "io_kbytes" : 66635776,
        "bw_bytes" : 6822821180,
        "bw" : 6662911,
        "iops" : 6506.749325,
        "runtime" : 10001,
        "total_ios" : 65074,
        "short_ios" : 0,
        "drop_ios" : 0,
        "slat_ns" : {
          "min" : 0,
          "max" : 0,
          "mean" : 0.000000,
          "stddev" : 0.000000,
          "N" : 0
        },
        "clat_ns" : {
          "min" : 289919,
          "max" : 24251543,
          "mean" : 1229003.164090,
          "stddev" : 1048294.845867,
          "N" : 65074,
          "percentile" : {
            "1.000000" : 659456,
            "5.000000" : 856064,
            "10.000000" : 937984,
            "20.000000" : 1036288,
            "30.000000" : 1089536,
            "40.000000" : 1138688,
            "50.000000" : 1187840,
            "60.000000" : 1220608,
            "70.000000" : 1269760,
            "80.000000" : 1335296,
            "90.000000" : 1417216,
            "95.000000" : 1515520,
            "99.000000" : 1712128,
            "99.500000" : 1826816,
            "99.900000" : 23199744,
            "99.950000" : 23199744,
            "99.990000" : 23724032
          }
        },
        "lat_ns" : {
          "min" : 289939,
          "max" : 24251593,
          "mean" : 1229049.683453,
          "stddev" : 1048295.567850,
          "N" : 65074
        },
        "bw_min" : 6008832,
        "bw_max" : 7077888,
        "bw_agg" : 99.737723,
        "bw_mean" : 6645436.631579,
        "bw_dev" : 42896.752400,
        "bw_samples" : 152,
        "iops_min" : 5868,
        "iops_max" : 6912,
        "iops_mean" : 6489.684211,
        "iops_stddev" : 41.891360,
        "iops_samples" : 152
      },
      "write" : {
        "io_bytes" : 0,
        "io_kbytes" : 0,
        "bw_bytes" : 0,
        "bw" : 0,
        "iops" : 0.000000,
        "runtime" : 0,
        "total_ios" : 0,
        "short_ios" : 0,
        "drop_ios" : 0,
        "slat_ns" : {
          "min" : 0,
          "max" : 0,
          "mean" : 0.000000,
          "stddev" : 0.000000,
          "N" : 0
        },
        "clat_ns" : {
          "min" : 0,
          "max" : 0,
          "mean" : 0.000000,
          "stddev" : 0.000000,
          "N" : 0
        },
        "lat_ns" : {
          "min" : 0,
          "max" : 0,
          "mean" : 0.000000,
          "stddev" : 0.000000,
          "N" : 0
        },
        "bw_min" : 0,
        "bw_max" : 0,
        "bw_agg" : 0.000000,
        "bw_mean" : 0.000000,
        "bw_dev" : 0.000000,
        "bw_samples" : 0,
        "iops_min" : 0,
        "iops_max" : 0,
        "iops_mean" : 0.000000,
        "iops_stddev" : 0.000000,
        "iops_samples" : 0
      },
      "trim" : {
        "io_bytes" : 0,
        "io_kbytes" : 0,
        "bw_bytes" : 0,
        "bw" : 0,
        "iops" : 0.000000,
        "runtime" : 0,
        "total_ios" : 0,
        "short_ios" : 0,
        "drop_ios" : 0,
        "slat_ns" : {
          "min" : 0,
          "max" : 0,
          "mean" : 0.000000,
          "stddev" : 0.000000,
          "N" : 0
        },
        "clat_ns" : {
          "min" : 0,
          "max" : 0,
          "mean" : 0.000000,
          "stddev" : 0.000000,
          "N" : 0
        },
        "lat_ns" : {
          "min" : 0,
          "max" : 0,
          "mean" : 0.000000,
          "stddev" : 0.000000,
          "N" : 0
        },
        "bw_min" : 0,
        "bw_max" : 0,
        "bw_agg" : 0.000000,
        "bw_mean" : 0.000000,
        "bw_dev" : 0.000000,
        "bw_samples" : 0,
        "iops_min" : 0,
        "iops_max" : 0,
        "iops_mean" : 0.000000,
        "iops_stddev" : 0.000000,
        "iops_samples" : 0
      },
      "sync" : {
        "total_ios" : 0,
        "lat_ns" : {
          "min" : 0,
          "max" : 0,
          "mean" : 0.000000,
          "stddev" : 0.000000,
          "N" : 0
        }
      },
      "job_runtime" : 80000,
      "usr_cpu" : 0.065000,
      "sys_cpu" : 5.351250,
      "ctx" : 65443,
      "majf" : 0,
      "minf" : 2169,
      "iodepth_level" : {
        "1" : 100.000000,
        "2" : 0.000000,
        "4" : 0.000000,
        "8" : 0.000000,
        "16" : 0.000000,
        "32" : 0.000000,
        ">=64" : 0.000000
      },
      "iodepth_submit" : {
        "0" : 0.000000,
        "4" : 100.000000,
        "8" : 0.000000,
        "16" : 0.000000,
        "32" : 0.000000,
        "64" : 0.000000,
        ">=64" : 0.000000
      },
      "iodepth_complete" : {
        "0" : 0.000000,
        "4" : 100.000000,
        "8" : 0.000000,
        "16" : 0.000000,
        "32" : 0.000000,
        "64" : 0.000000,
        ">=64" : 0.000000
      },
      "latency_ns" : {
        "2" : 0.000000,
        "4" : 0.000000,
        "10" : 0.000000,
        "20" : 0.000000,
        "50" : 0.000000,
        "100" : 0.000000,
        "250" : 0.000000,
        "500" : 0.000000,
        "750" : 0.000000,
        "1000" : 0.000000
      },
      "latency_us" : {
        "2" : 0.000000,
        "4" : 0.000000,
        "10" : 0.000000,
        "20" : 0.000000,
        "50" : 0.000000,
        "100" : 0.000000,
        "250" : 0.000000,
        "500" : 0.193626,
        "750" : 2.054584,
        "1000" : 13.642930
      },
      "latency_ms" : {
        "2" : 83.772321,
        "4" : 0.112180,
        "10" : 0.010000,
        "20" : 0.000000,
        "50" : 0.221287,
        "100" : 0.000000,
        "250" : 0.000000,
        "500" : 0.000000,
        "750" : 0.000000,
        "1000" : 0.000000,
        "2000" : 0.000000,
        ">=2000" : 0.000000
      },
      "latency_depth" : 1,
      "latency_target" : 0,
      "latency_percentile" : 100.000000,
      "latency_window" : 0
    }
  ],
  "disk_util" : [
    {
      "name" : "nvme0n1",
      "read_ios" : 514387,
      "write_ios" : 121,
      "read_merges" : 507,
      "write_merges" : 75,
      "read_ticks" : 453920,
      "write_ticks" : 55,
      "in_queue" : 453978,
      "util" : 79.897888
    }
  ]
}
