{
  "fio version" : "fio-3.28",
  "timestamp" : 1767721669,
  "timestamp_ms" : 1767721669759,
  "time" : "Tue Jan  6 18:47:49 2026",
  "jobs" : [
    {
      "jobname" : "regular_swap_RAND_READ",
      "groupid" : 0,
      "error" : 0,
      "eta" : 0,
      "elapsed" : 11,
      "job options" : {
        "name" : "regular_swap_RAND_READ",
        "filename" : "/swapfile",
        "rw" : "randread",
        "bs" : "4k",
        "direct" : "1",
        "iodepth" : "32",
        "numjobs" : "4",
        "runtime" : "10"
      },
      "read" : {
        "io_bytes" : 3140231168,
        "io_kbytes" : 3066632,
        "bw_bytes" : 313991717,
        "bw" : 306632,
        "iops" : 76658.134187,
        "runtime" : 10001,
        "total_ios" : 766658,
        "short_ios" : 0,
        "drop_ios" : 0,
        "slat_ns" : {
          "min" : 0,
          "max" : 0,
          "mean" : 0.000000,
          "stddev" : 0.000000,
          "N" : 0
        },
        "clat_ns" : {
          "min" : 13080,
          "max" : 22096163,
          "mean" : 51867.261822,
          "stddev" : 210647.431823,
          "N" : 766658,
          "percentile" : {
            "1.000000" : 43264,
            "5.000000" : 45312,
            "10.000000" : 46848,
            "20.000000" : 47872,
            "30.000000" : 47872,
            "40.000000" : 48384,
            "50.000000" : 48384,
            "60.000000" : 48896,
            "70.000000" : 49408,
            "80.000000" : 50944,
            "90.000000" : 52992,
            "95.000000" : 54016,
            "99.000000" : 63232,
            "99.500000" : 70144,
            "99.900000" : 160768,
            "99.950000" : 497664,
            "99.990000" : 2244608
          }
        },
        "lat_ns" : {
          "min" : 13090,
          "max" : 22096203,
          "mean" : 51889.993106,
          "stddev" : 210647.611392,
          "N" : 766658
        },
        "bw_min" : 265872,
        "bw_max" : 325240,
        "bw_agg" : 100.000000,
        "bw_mean" : 307572.210526,
        "bw_dev" : 4204.807050,
        "bw_samples" : 76,
        "iops_min" : 66468,
        "iops_max" : 81310,
        "iops_mean" : 76893.052632,
        "iops_stddev" : 1051.201762,
        "iops_samples" : 76
      },
      "write" : {
        "io_bytes" : 0,
        "io_kbytes" : 0,
        "bw_bytes" : 0,
        "bw" : 0,
        "iops" : 0.000000,
        "runtime" : 0,
        "total_ios" : 0,
        "short_ios" : 0,
        "drop_ios" : 0,
        "slat_ns" : {
          "min" : 0,
          "max" : 0,
          "mean" : 0.000000,
          "stddev" : 0.000000,
          "N" : 0
        },
        "clat_ns" : {
          "min" : 0,
          "max" : 0,
          "mean" : 0.000000,
          "stddev" : 0.000000,
          "N" : 0
        },
        "lat_ns" : {
          "min" : 0,
          "max" : 0,
          "mean" : 0.000000,
          "stddev" : 0.000000,
          "N" : 0
        },
        "bw_min" : 0,
        "bw_max" : 0,
        "bw_agg" : 0.000000,
        "bw_mean" : 0.000000,
        "bw_dev" : 0.000000,
        "bw_samples" : 0,
        "iops_min" : 0,
        "iops_max" : 0,
        "iops_mean" : 0.000000,
        "iops_stddev" : 0.000000,
        "iops_samples" : 0
      },
      "trim" : {
        "io_bytes" : 0,
        "io_kbytes" : 0,
        "bw_bytes" : 0,
        "bw" : 0,
        "iops" : 0.000000,
        "runtime" : 0,
        "total_ios" : 0,
        "short_ios" : 0,
        "drop_ios" : 0,
        "slat_ns" : {
          "min" : 0,
          "max" : 0,
          "mean" : 0.000000,
          "stddev" : 0.000000,
          "N" : 0
        },
        "clat_ns" : {
          "min" : 0,
          "max" : 0,
          "mean" : 0.000000,
          "stddev" : 0.000000,
          "N" : 0
        },
        "lat_ns" : {
          "min" : 0,
          "max" : 0,
          "mean" : 0.000000,
          "stddev" : 0.000000,
          "N" : 0
        },
        "bw_min" : 0,
        "bw_max" : 0,
        "bw_agg" : 0.000000,
        "bw_mean" : 0.000000,
        "bw_dev" : 0.000000,
        "bw_samples" : 0,
        "iops_min" : 0,
        "iops_max" : 0,
        "iops_mean" : 0.000000,
        "iops_stddev" : 0.000000,
        "iops_samples" : 0
      },
      "sync" : {
        "total_ios" : 0,
        "lat_ns" : {
          "min" : 0,
          "max" : 0,
          "mean" : 0.000000,
          "stddev" : 0.000000,
          "N" : 0
        }
      },
      "job_runtime" : 40000,
      "usr_cpu" : 1.330000,
      "sys_cpu" : 8.797500,
      "ctx" : 767088,
      "majf" : 0,
      "minf" : 63,
      "iodepth_level" : {
        "1" : 100.000000,
        "2" : 0.000000,
        "4" : 0.000000,
        "8" : 0.000000,
        "16" : 0.000000,
        "32" : 0.000000,
        ">=64" : 0.000000
      },
      "iodepth_submit" : {
        "0" : 0.000000,
        "4" : 100.000000,
        "8" : 0.000000,
        "16" : 0.000000,
        "32" : 0.000000,
        "64" : 0.000000,
        ">=64" : 0.000000
      },
      "iodepth_complete" : {
        "0" : 0.000000,
        "4" : 100.000000,
        "8" : 0.000000,
        "16" : 0.000000,
        "32" : 0.000000,
        "64" : 0.000000,
        ">=64" : 0.000000
      },
      "latency_ns" : {
        "2" : 0.000000,
        "4" : 0.000000,
        "10" : 0.000000,
        "20" : 0.000000,
        "50" : 0.000000,
        "100" : 0.000000,
        "250" : 0.000000,
        "500" : 0.000000,
        "750" : 0.000000,
        "1000" : 0.000000
      },
      "latency_us" : {
        "2" : 0.000000,
        "4" : 0.000000,
        "10" : 0.000000,
        "20" : 0.010000,
        "50" : 74.455885,
        "100" : 25.366330,
        "250" : 0.101479,
        "500" : 0.025305,
        "750" : 0.011739,
        "1000" : 0.010565
      },
      "latency_ms" : {
        "2" : 0.016826,
        "4" : 0.010000,
        "10" : 0.000000,
        "20" : 0.000000,
        "50" : 0.010000,
        "100" : 0.000000,
        "250" : 0.000000,
        "500" : 0.000000,
        "750" : 0.000000,
        "1000" : 0.000000,
        "2000" : 0.000000,
        ">=2000" : 0.000000
      },
      "latency_depth" : 32,
      "latency_target" : 0,
      "latency_percentile" : 100.000000,
      "latency_window" : 0
    }
  ],
  "disk_util" : [
    {
      "name" : "nvme0n1",
      "read_ios" : 761959,
      "write_ios" : 100,
      "read_merges" : 943,
      "write_merges" : 54,
      "read_ticks" : 36517,
      "write_ticks" : 123,
      "in_queue" : 36641,
      "util" : 73.187825
    }
  ]
}
