{
  "fio version" : "fio-3.28",
  "timestamp" : 1767706231,
  "timestamp_ms" : 1767706231921,
  "time" : "Tue Jan  6 14:30:31 2026",
  "jobs" : [
    {
      "jobname" : "kernel_zram_RAND_READ",
      "groupid" : 0,
      "error" : 0,
      "eta" : 0,
      "elapsed" : 11,
      "job options" : {
        "name" : "kernel_zram_RAND_READ",
        "filename" : "/dev/zram0",
        "rw" : "randread",
        "bs" : "4k",
        "direct" : "1",
        "iodepth" : "32",
        "numjobs" : "4",
        "runtime" : "10"
      },
      "read" : {
        "io_bytes" : 107441680384,
        "io_kbytes" : 104923516,
        "bw_bytes" : 10743093729,
        "bw" : 10491302,
        "iops" : 2622825.617438,
        "runtime" : 10001,
        "total_ios" : 26230879,
        "short_ios" : 0,
        "drop_ios" : 0,
        "slat_ns" : {
          "min" : 0,
          "max" : 0,
          "mean" : 0.000000,
          "stddev" : 0.000000,
          "N" : 0
        },
        "clat_ns" : {
          "min" : 1151,
          "max" : 557608,
          "mean" : 1357.740933,
          "stddev" : 382.032906,
          "N" : 26230879,
          "percentile" : {
            "1.000000" : 1192,
            "5.000000" : 1208,
            "10.000000" : 1224,
            "20.000000" : 1288,
            "30.000000" : 1288,
            "40.000000" : 1304,
            "50.000000" : 1320,
            "60.000000" : 1352,
            "70.000000" : 1416,
            "80.000000" : 1432,
            "90.000000" : 1464,
            "95.000000" : 1512,
            "99.000000" : 1720,
            "99.500000" : 1848,
            "99.900000" : 4896,
            "99.950000" : 5472,
            "99.990000" : 7136
          }
        },
        "lat_ns" : {
          "min" : 1171,
          "max" : 557628,
          "mean" : 1377.469161,
          "stddev" : 384.386412,
          "N" : 26230879
        },
        "bw_min" : 10201488,
        "bw_max" : 10777600,
        "bw_agg" : 99.974365,
        "bw_mean" : 10488613.842105,
        "bw_dev" : 38998.265281,
        "bw_samples" : 76,
        "iops_min" : 2550372,
        "iops_max" : 2694400,
        "iops_mean" : 2622153.526316,
        "iops_stddev" : 9749.597400,
        "iops_samples" : 76
      },
      "write" : {
        "io_bytes" : 0,
        "io_kbytes" : 0,
        "bw_bytes" : 0,
        "bw" : 0,
        "iops" : 0.000000,
        "runtime" : 0,
        "total_ios" : 0,
        "short_ios" : 0,
        "drop_ios" : 0,
        "slat_ns" : {
          "min" : 0,
          "max" : 0,
          "mean" : 0.000000,
          "stddev" : 0.000000,
          "N" : 0
        },
        "clat_ns" : {
          "min" : 0,
          "max" : 0,
          "mean" : 0.000000,
          "stddev" : 0.000000,
          "N" : 0
        },
        "lat_ns" : {
          "min" : 0,
          "max" : 0,
          "mean" : 0.000000,
          "stddev" : 0.000000,
          "N" : 0
        },
        "bw_min" : 0,
        "bw_max" : 0,
        "bw_agg" : 0.000000,
        "bw_mean" : 0.000000,
        "bw_dev" : 0.000000,
        "bw_samples" : 0,
        "iops_min" : 0,
        "iops_max" : 0,
        "iops_mean" : 0.000000,
        "iops_stddev" : 0.000000,
        "iops_samples" : 0
      },
      "trim" : {
        "io_bytes" : 0,
        "io_kbytes" : 0,
        "bw_bytes" : 0,
        "bw" : 0,
        "iops" : 0.000000,
        "runtime" : 0,
        "total_ios" : 0,
        "short_ios" : 0,
        "drop_ios" : 0,
        "slat_ns" : {
          "min" : 0,
          "max" : 0,
          "mean" : 0.000000,
          "stddev" : 0.000000,
          "N" : 0
        },
        "clat_ns" : {
          "min" : 0,
          "max" : 0,
          "mean" : 0.000000,
          "stddev" : 0.000000,
          "N" : 0
        },
        "lat_ns" : {
          "min" : 0,
          "max" : 0,
          "mean" : 0.000000,
          "stddev" : 0.000000,
          "N" : 0
        },
        "bw_min" : 0,
        "bw_max" : 0,
        "bw_agg" : 0.000000,
        "bw_mean" : 0.000000,
        "bw_dev" : 0.000000,
        "bw_samples" : 0,
        "iops_min" : 0,
        "iops_max" : 0,
        "iops_mean" : 0.000000,
        "iops_stddev" : 0.000000,
        "iops_samples" : 0
      },
      "sync" : {
        "total_ios" : 0,
        "lat_ns" : {
          "min" : 0,
          "max" : 0,
          "mean" : 0.000000,
          "stddev" : 0.000000,
          "N" : 0
        }
      },
      "job_runtime" : 40000,
      "usr_cpu" : 17.947500,
      "sys_cpu" : 82.030000,
      "ctx" : 315,
      "majf" : 0,
      "minf" : 56,
      "iodepth_level" : {
        "1" : 100.000000,
        "2" : 0.000000,
        "4" : 0.000000,
        "8" : 0.000000,
        "16" : 0.000000,
        "32" : 0.000000,
        ">=64" : 0.000000
      },
      "iodepth_submit" : {
        "0" : 0.000000,
        "4" : 100.000000,
        "8" : 0.000000,
        "16" : 0.000000,
        "32" : 0.000000,
        "64" : 0.000000,
        ">=64" : 0.000000
      },
      "iodepth_complete" : {
        "0" : 0.000000,
        "4" : 100.000000,
        "8" : 0.000000,
        "16" : 0.000000,
        "32" : 0.000000,
        "64" : 0.000000,
        ">=64" : 0.000000
      },
      "latency_ns" : {
        "2" : 0.000000,
        "4" : 0.000000,
        "10" : 0.000000,
        "20" : 0.000000,
        "50" : 0.000000,
        "100" : 0.000000,
        "250" : 0.000000,
        "500" : 0.000000,
        "750" : 0.000000,
        "1000" : 0.000000
      },
      "latency_us" : {
        "2" : 99.714729,
        "4" : 0.149984,
        "10" : 0.129473,
        "20" : 0.010000,
        "50" : 0.010000,
        "100" : 0.010000,
        "250" : 0.010000,
        "500" : 0.010000,
        "750" : 0.010000,
        "1000" : 0.000000
      },
      "latency_ms" : {
        "2" : 0.000000,
        "4" : 0.000000,
        "10" : 0.000000,
        "20" : 0.000000,
        "50" : 0.000000,
        "100" : 0.000000,
        "250" : 0.000000,
        "500" : 0.000000,
        "750" : 0.000000,
        "1000" : 0.000000,
        "2000" : 0.000000,
        ">=2000" : 0.000000
      },
      "latency_depth" : 32,
      "latency_target" : 0,
      "latency_percentile" : 100.000000,
      "latency_window" : 0
    }
  ],
  "disk_util" : [
    {
      "name" : "zram0",
      "read_ios" : 25864417,
      "write_ios" : 0,
      "read_merges" : 0,
      "write_merges" : 0,
      "read_ticks" : 4588,
      "write_ticks" : 0,
      "in_queue" : 4588,
      "util" : 48.433420
    }
  ]
}
