{
  "fio version" : "fio-3.28",
  "timestamp" : 1767706206,
  "timestamp_ms" : 1767706206001,
  "time" : "Tue Jan  6 14:30:06 2026",
  "jobs" : [
    {
      "jobname" : "regular_swap_RAND_READ",
      "groupid" : 0,
      "error" : 0,
      "eta" : 0,
      "elapsed" : 11,
      "job options" : {
        "name" : "regular_swap_RAND_READ",
        "filename" : "/swapfile",
        "rw" : "randread",
        "bs" : "4k",
        "direct" : "1",
        "iodepth" : "32",
        "numjobs" : "4",
        "runtime" : "10"
      },
      "read" : {
        "io_bytes" : 1458225152,
        "io_kbytes" : 1424048,
        "bw_bytes" : 145807934,
        "bw" : 142390,
        "iops" : 35597.640236,
        "runtime" : 10001,
        "total_ios" : 356012,
        "short_ios" : 0,
        "drop_ios" : 0,
        "slat_ns" : {
          "min" : 0,
          "max" : 0,
          "mean" : 0.000000,
          "stddev" : 0.000000,
          "N" : 0
        },
        "clat_ns" : {
          "min" : 13631,
          "max" : 46248795,
          "mean" : 112044.825540,
          "stddev" : 492551.421698,
          "N" : 356012,
          "percentile" : {
            "1.000000" : 43776,
            "5.000000" : 46848,
            "10.000000" : 47360,
            "20.000000" : 48384,
            "30.000000" : 48896,
            "40.000000" : 49408,
            "50.000000" : 51456,
            "60.000000" : 52992,
            "70.000000" : 55552,
            "80.000000" : 62208,
            "90.000000" : 160768,
            "95.000000" : 391168,
            "99.000000" : 1138688,
            "99.500000" : 1302528,
            "99.900000" : 2056192,
            "99.950000" : 2605056,
            "99.990000" : 24772608
          }
        },
        "lat_ns" : {
          "min" : 13651,
          "max" : 46248845,
          "mean" : 112067.119108,
          "stddev" : 492553.816673,
          "N" : 356012
        },
        "bw_min" : 46192,
        "bw_max" : 268192,
        "bw_agg" : 100.000000,
        "bw_mean" : 144662.736842,
        "bw_dev" : 15225.788083,
        "bw_samples" : 76,
        "iops_min" : 11548,
        "iops_max" : 67048,
        "iops_mean" : 36165.684211,
        "iops_stddev" : 3806.447021,
        "iops_samples" : 76
      },
      "write" : {
        "io_bytes" : 0,
        "io_kbytes" : 0,
        "bw_bytes" : 0,
        "bw" : 0,
        "iops" : 0.000000,
        "runtime" : 0,
        "total_ios" : 0,
        "short_ios" : 0,
        "drop_ios" : 0,
        "slat_ns" : {
          "min" : 0,
          "max" : 0,
          "mean" : 0.000000,
          "stddev" : 0.000000,
          "N" : 0
        },
        "clat_ns" : {
          "min" : 0,
          "max" : 0,
          "mean" : 0.000000,
          "stddev" : 0.000000,
          "N" : 0
        },
        "lat_ns" : {
          "min" : 0,
          "max" : 0,
          "mean" : 0.000000,
          "stddev" : 0.000000,
          "N" : 0
        },
        "bw_min" : 0,
        "bw_max" : 0,
        "bw_agg" : 0.000000,
        "bw_mean" : 0.000000,
        "bw_dev" : 0.000000,
        "bw_samples" : 0,
        "iops_min" : 0,
        "iops_max" : 0,
        "iops_mean" : 0.000000,
        "iops_stddev" : 0.000000,
        "iops_samples" : 0
      },
      "trim" : {
        "io_bytes" : 0,
        "io_kbytes" : 0,
        "bw_bytes" : 0,
        "bw" : 0,
        "iops" : 0.000000,
        "runtime" : 0,
        "total_ios" : 0,
        "short_ios" : 0,
        "drop_ios" : 0,
        "slat_ns" : {
          "min" : 0,
          "max" : 0,
          "mean" : 0.000000,
          "stddev" : 0.000000,
          "N" : 0
        },
        "clat_ns" : {
          "min" : 0,
          "max" : 0,
          "mean" : 0.000000,
          "stddev" : 0.000000,
          "N" : 0
        },
        "lat_ns" : {
          "min" : 0,
          "max" : 0,
          "mean" : 0.000000,
          "stddev" : 0.000000,
          "N" : 0
        },
        "bw_min" : 0,
        "bw_max" : 0,
        "bw_agg" : 0.000000,
        "bw_mean" : 0.000000,
        "bw_dev" : 0.000000,
        "bw_samples" : 0,
        "iops_min" : 0,
        "iops_max" : 0,
        "iops_mean" : 0.000000,
        "iops_stddev" : 0.000000,
        "iops_samples" : 0
      },
      "sync" : {
        "total_ios" : 0,
        "lat_ns" : {
          "min" : 0,
          "max" : 0,
          "mean" : 0.000000,
          "stddev" : 0.000000,
          "N" : 0
        }
      },
      "job_runtime" : 40000,
      "usr_cpu" : 0.597500,
      "sys_cpu" : 3.992500,
      "ctx" : 356194,
      "majf" : 0,
      "minf" : 60,
      "iodepth_level" : {
        "1" : 100.000000,
        "2" : 0.000000,
        "4" : 0.000000,
        "8" : 0.000000,
        "16" : 0.000000,
        "32" : 0.000000,
        ">=64" : 0.000000
      },
      "iodepth_submit" : {
        "0" : 0.000000,
        "4" : 100.000000,
        "8" : 0.000000,
        "16" : 0.000000,
        "32" : 0.000000,
        "64" : 0.000000,
        ">=64" : 0.000000
      },
      "iodepth_complete" : {
        "0" : 0.000000,
        "4" : 100.000000,
        "8" : 0.000000,
        "16" : 0.000000,
        "32" : 0.000000,
        "64" : 0.000000,
        ">=64" : 0.000000
      },
      "latency_ns" : {
        "2" : 0.000000,
        "4" : 0.000000,
        "10" : 0.000000,
        "20" : 0.000000,
        "50" : 0.000000,
        "100" : 0.000000,
        "250" : 0.000000,
        "500" : 0.000000,
        "750" : 0.000000,
        "1000" : 0.000000
      },
      "latency_us" : {
        "2" : 0.000000,
        "4" : 0.000000,
        "10" : 0.000000,
        "20" : 0.010000,
        "50" : 42.589576,
        "100" : 44.396818,
        "250" : 5.283249,
        "500" : 3.690325,
        "750" : 1.263160,
        "1000" : 1.284226
      },
      "latency_ms" : {
        "2" : 1.383380,
        "4" : 0.084548,
        "10" : 0.010000,
        "20" : 0.010000,
        "50" : 0.020224,
        "100" : 0.000000,
        "250" : 0.000000,
        "500" : 0.000000,
        "750" : 0.000000,
        "1000" : 0.000000,
        "2000" : 0.000000,
        ">=2000" : 0.000000
      },
      "latency_depth" : 32,
      "latency_target" : 0,
      "latency_percentile" : 100.000000,
      "latency_window" : 0
    }
  ],
  "disk_util" : [
    {
      "name" : "nvme0n1",
      "read_ios" : 380474,
      "write_ios" : 214,
      "read_merges" : 82290,
      "write_merges" : 147,
      "read_ticks" : 47402,
      "write_ticks" : 250,
      "in_queue" : 47676,
      "util" : 83.803804
    }
  ]
}
