{
  "fio version" : "fio-3.28",
  "timestamp" : 1767706194,
  "timestamp_ms" : 1767706194474,
  "time" : "Tue Jan  6 14:29:54 2026",
  "jobs" : [
    {
      "jobname" : "regular_swap_SEQ_READ",
      "groupid" : 0,
      "error" : 0,
      "eta" : 0,
      "elapsed" : 11,
      "job options" : {
        "name" : "regular_swap_SEQ_READ",
        "filename" : "/swapfile",
        "rw" : "read",
        "bs" : "1M",
        "direct" : "1",
        "numjobs" : "8",
        "runtime" : "10"
      },
      "read" : {
        "io_bytes" : 48008003584,
        "io_kbytes" : 46882816,
        "bw_bytes" : 4799840390,
        "bw" : 4687344,
        "iops" : 4577.484503,
        "runtime" : 10002,
        "total_ios" : 45784,
        "short_ios" : 0,
        "drop_ios" : 0,
        "slat_ns" : {
          "min" : 0,
          "max" : 0,
          "mean" : 0.000000,
          "stddev" : 0.000000,
          "N" : 0
        },
        "clat_ns" : {
          "min" : 284438,
          "max" : 47322005,
          "mean" : 1747164.497095,
          "stddev" : 2073704.451992,
          "N" : 45784,
          "percentile" : {
            "1.000000" : 684032,
            "5.000000" : 897024,
            "10.000000" : 987136,
            "20.000000" : 1089536,
            "30.000000" : 1155072,
            "40.000000" : 1204224,
            "50.000000" : 1269760,
            "60.000000" : 1368064,
            "70.000000" : 1531904,
            "80.000000" : 2146304,
            "90.000000" : 3031040,
            "95.000000" : 3686400,
            "99.000000" : 5341184,
            "99.500000" : 6848512,
            "99.900000" : 35389440,
            "99.950000" : 40632320,
            "99.990000" : 46399488
          }
        },
        "lat_ns" : {
          "min" : 284578,
          "max" : 47322025,
          "mean" : 1747199.939040,
          "stddev" : 2073707.614044,
          "N" : 45784
        },
        "bw_min" : 1892352,
        "bw_max" : 7047445,
        "bw_agg" : 98.804480,
        "bw_mean" : 4631306.421053,
        "bw_dev" : 210526.136968,
        "bw_samples" : 152,
        "iops_min" : 1848,
        "iops_max" : 6882,
        "iops_mean" : 4522.631579,
        "iops_stddev" : 205.569805,
        "iops_samples" : 152
      },
      "write" : {
        "io_bytes" : 0,
        "io_kbytes" : 0,
        "bw_bytes" : 0,
        "bw" : 0,
        "iops" : 0.000000,
        "runtime" : 0,
        "total_ios" : 0,
        "short_ios" : 0,
        "drop_ios" : 0,
        "slat_ns" : {
          "min" : 0,
          "max" : 0,
          "mean" : 0.000000,
          "stddev" : 0.000000,
          "N" : 0
        },
        "clat_ns" : {
          "min" : 0,
          "max" : 0,
          "mean" : 0.000000,
          "stddev" : 0.000000,
          "N" : 0
        },
        "lat_ns" : {
          "min" : 0,
          "max" : 0,
          "mean" : 0.000000,
          "stddev" : 0.000000,
          "N" : 0
        },
        "bw_min" : 0,
        "bw_max" : 0,
        "bw_agg" : 0.000000,
        "bw_mean" : 0.000000,
        "bw_dev" : 0.000000,
        "bw_samples" : 0,
        "iops_min" : 0,
        "iops_max" : 0,
        "iops_mean" : 0.000000,
        "iops_stddev" : 0.000000,
        "iops_samples" : 0
      },
      "trim" : {
        "io_bytes" : 0,
        "io_kbytes" : 0,
        "bw_bytes" : 0,
        "bw" : 0,
        "iops" : 0.000000,
        "runtime" : 0,
        "total_ios" : 0,
        "short_ios" : 0,
        "drop_ios" : 0,
        "slat_ns" : {
          "min" : 0,
          "max" : 0,
          "mean" : 0.000000,
          "stddev" : 0.000000,
          "N" : 0
        },
        "clat_ns" : {
          "min" : 0,
          "max" : 0,
          "mean" : 0.000000,
          "stddev" : 0.000000,
          "N" : 0
        },
        "lat_ns" : {
          "min" : 0,
          "max" : 0,
          "mean" : 0.000000,
          "stddev" : 0.000000,
          "N" : 0
        },
        "bw_min" : 0,
        "bw_max" : 0,
        "bw_agg" : 0.000000,
        "bw_mean" : 0.000000,
        "bw_dev" : 0.000000,
        "bw_samples" : 0,
        "iops_min" : 0,
        "iops_max" : 0,
        "iops_mean" : 0.000000,
        "iops_stddev" : 0.000000,
        "iops_samples" : 0
      },
      "sync" : {
        "total_ios" : 0,
        "lat_ns" : {
          "min" : 0,
          "max" : 0,
          "mean" : 0.000000,
          "stddev" : 0.000000,
          "N" : 0
        }
      },
      "job_runtime" : 80002,
      "usr_cpu" : 0.038749,
      "sys_cpu" : 3.511162,
      "ctx" : 46011,
      "majf" : 0,
      "minf" : 2181,
      "iodepth_level" : {
        "1" : 100.000000,
        "2" : 0.000000,
        "4" : 0.000000,
        "8" : 0.000000,
        "16" : 0.000000,
        "32" : 0.000000,
        ">=64" : 0.000000
      },
      "iodepth_submit" : {
        "0" : 0.000000,
        "4" : 100.000000,
        "8" : 0.000000,
        "16" : 0.000000,
        "32" : 0.000000,
        "64" : 0.000000,
        ">=64" : 0.000000
      },
      "iodepth_complete" : {
        "0" : 0.000000,
        "4" : 100.000000,
        "8" : 0.000000,
        "16" : 0.000000,
        "32" : 0.000000,
        "64" : 0.000000,
        ">=64" : 0.000000
      },
      "latency_ns" : {
        "2" : 0.000000,
        "4" : 0.000000,
        "10" : 0.000000,
        "20" : 0.000000,
        "50" : 0.000000,
        "100" : 0.000000,
        "250" : 0.000000,
        "500" : 0.000000,
        "750" : 0.000000,
        "1000" : 0.000000
      },
      "latency_us" : {
        "2" : 0.000000,
        "4" : 0.000000,
        "10" : 0.000000,
        "20" : 0.000000,
        "50" : 0.000000,
        "100" : 0.000000,
        "250" : 0.000000,
        "500" : 0.238074,
        "750" : 1.441552,
        "1000" : 9.263061
      },
      "latency_ms" : {
        "2" : 67.451511,
        "4" : 18.106762,
        "10" : 3.086231,
        "20" : 0.054604,
        "50" : 0.358204,
        "100" : 0.000000,
        "250" : 0.000000,
        "500" : 0.000000,
        "750" : 0.000000,
        "1000" : 0.000000,
        "2000" : 0.000000,
        ">=2000" : 0.000000
      },
      "latency_depth" : 1,
      "latency_target" : 0,
      "latency_percentile" : 100.000000,
      "latency_window" : 0
    }
  ],
  "disk_util" : [
    {
      "name" : "nvme0n1",
      "read_ios" : 362141,
      "write_ios" : 144,
      "read_merges" : 272,
      "write_merges" : 69,
      "read_ticks" : 468936,
      "write_ticks" : 1337,
      "in_queue" : 470315,
      "util" : 84.451342
    }
  ]
}
