{
  "fio version" : "fio-3.28",
  "timestamp" : 1767706389,
  "timestamp_ms" : 1767706389232,
  "time" : "Tue Jan  6 14:33:09 2026",
  "jobs" : [
    {
      "jobname" : "regular_swap_RAND_READ",
      "groupid" : 0,
      "error" : 0,
      "eta" : 0,
      "elapsed" : 11,
      "job options" : {
        "name" : "regular_swap_RAND_READ",
        "filename" : "/swapfile",
        "rw" : "randread",
        "bs" : "4k",
        "direct" : "1",
        "iodepth" : "32",
        "numjobs" : "4",
        "runtime" : "10"
      },
      "read" : {
        "io_bytes" : 2722025472,
        "io_kbytes" : 2658228,
        "bw_bytes" : 272175329,
        "bw" : 265796,
        "iops" : 66449.055094,
        "runtime" : 10001,
        "total_ios" : 664557,
        "short_ios" : 0,
        "drop_ios" : 0,
        "slat_ns" : {
          "min" : 0,
          "max" : 0,
          "mean" : 0.000000,
          "stddev" : 0.000000,
          "N" : 0
        },
        "clat_ns" : {
          "min" : 13008,
          "max" : 22772718,
          "mean" : 59873.628891,
          "stddev" : 239508.667795,
          "N" : 664557,
          "percentile" : {
            "1.000000" : 43264,
            "5.000000" : 45312,
            "10.000000" : 46848,
            "20.000000" : 47360,
            "30.000000" : 47872,
            "40.000000" : 47872,
            "50.000000" : 48384,
            "60.000000" : 48384,
            "70.000000" : 49408,
            "80.000000" : 51456,
            "90.000000" : 52992,
            "95.000000" : 55552,
            "99.000000" : 329728,
            "99.500000" : 675840,
            "99.900000" : 1286144,
            "99.950000" : 1531904,
            "99.990000" : 21364736
          }
        },
        "lat_ns" : {
          "min" : 13028,
          "max" : 22772738,
          "mean" : 59895.701980,
          "stddev" : 239510.164960,
          "N" : 664557
        },
        "bw_min" : 135136,
        "bw_max" : 326904,
        "bw_agg" : 98.890421,
        "bw_mean" : 262847.157895,
        "bw_dev" : 17702.088173,
        "bw_samples" : 76,
        "iops_min" : 33784,
        "iops_max" : 81726,
        "iops_mean" : 65711.789474,
        "iops_stddev" : 4425.522043,
        "iops_samples" : 76
      },
      "write" : {
        "io_bytes" : 0,
        "io_kbytes" : 0,
        "bw_bytes" : 0,
        "bw" : 0,
        "iops" : 0.000000,
        "runtime" : 0,
        "total_ios" : 0,
        "short_ios" : 0,
        "drop_ios" : 0,
        "slat_ns" : {
          "min" : 0,
          "max" : 0,
          "mean" : 0.000000,
          "stddev" : 0.000000,
          "N" : 0
        },
        "clat_ns" : {
          "min" : 0,
          "max" : 0,
          "mean" : 0.000000,
          "stddev" : 0.000000,
          "N" : 0
        },
        "lat_ns" : {
          "min" : 0,
          "max" : 0,
          "mean" : 0.000000,
          "stddev" : 0.000000,
          "N" : 0
        },
        "bw_min" : 0,
        "bw_max" : 0,
        "bw_agg" : 0.000000,
        "bw_mean" : 0.000000,
        "bw_dev" : 0.000000,
        "bw_samples" : 0,
        "iops_min" : 0,
        "iops_max" : 0,
        "iops_mean" : 0.000000,
        "iops_stddev" : 0.000000,
        "iops_samples" : 0
      },
      "trim" : {
        "io_bytes" : 0,
        "io_kbytes" : 0,
        "bw_bytes" : 0,
        "bw" : 0,
        "iops" : 0.000000,
        "runtime" : 0,
        "total_ios" : 0,
        "short_ios" : 0,
        "drop_ios" : 0,
        "slat_ns" : {
          "min" : 0,
          "max" : 0,
          "mean" : 0.000000,
          "stddev" : 0.000000,
          "N" : 0
        },
        "clat_ns" : {
          "min" : 0,
          "max" : 0,
          "mean" : 0.000000,
          "stddev" : 0.000000,
          "N" : 0
        },
        "lat_ns" : {
          "min" : 0,
          "max" : 0,
          "mean" : 0.000000,
          "stddev" : 0.000000,
          "N" : 0
        },
        "bw_min" : 0,
        "bw_max" : 0,
        "bw_agg" : 0.000000,
        "bw_mean" : 0.000000,
        "bw_dev" : 0.000000,
        "bw_samples" : 0,
        "iops_min" : 0,
        "iops_max" : 0,
        "iops_mean" : 0.000000,
        "iops_stddev" : 0.000000,
        "iops_samples" : 0
      },
      "sync" : {
        "total_ios" : 0,
        "lat_ns" : {
          "min" : 0,
          "max" : 0,
          "mean" : 0.000000,
          "stddev" : 0.000000,
          "N" : 0
        }
      },
      "job_runtime" : 40000,
      "usr_cpu" : 1.097500,
      "sys_cpu" : 7.425000,
      "ctx" : 664799,
      "majf" : 0,
      "minf" : 58,
      "iodepth_level" : {
        "1" : 100.000000,
        "2" : 0.000000,
        "4" : 0.000000,
        "8" : 0.000000,
        "16" : 0.000000,
        "32" : 0.000000,
        ">=64" : 0.000000
      },
      "iodepth_submit" : {
        "0" : 0.000000,
        "4" : 100.000000,
        "8" : 0.000000,
        "16" : 0.000000,
        "32" : 0.000000,
        "64" : 0.000000,
        ">=64" : 0.000000
      },
      "iodepth_complete" : {
        "0" : 0.000000,
        "4" : 100.000000,
        "8" : 0.000000,
        "16" : 0.000000,
        "32" : 0.000000,
        "64" : 0.000000,
        ">=64" : 0.000000
      },
      "latency_ns" : {
        "2" : 0.000000,
        "4" : 0.000000,
        "10" : 0.000000,
        "20" : 0.000000,
        "50" : 0.000000,
        "100" : 0.000000,
        "250" : 0.000000,
        "500" : 0.000000,
        "750" : 0.000000,
        "1000" : 0.000000
      },
      "latency_us" : {
        "2" : 0.000000,
        "4" : 0.000000,
        "10" : 0.000000,
        "20" : 0.010000,
        "50" : 74.221022,
        "100" : 23.811050,
        "250" : 0.799029,
        "500" : 0.474451,
        "750" : 0.251145,
        "1000" : 0.204798
      },
      "latency_ms" : {
        "2" : 0.218040,
        "4" : 0.010000,
        "10" : 0.000000,
        "20" : 0.000000,
        "50" : 0.010834,
        "100" : 0.000000,
        "250" : 0.000000,
        "500" : 0.000000,
        "750" : 0.000000,
        "1000" : 0.000000,
        "2000" : 0.000000,
        ">=2000" : 0.000000
      },
      "latency_depth" : 32,
      "latency_target" : 0,
      "latency_percentile" : 100.000000,
      "latency_window" : 0
    }
  ],
  "disk_util" : [
    {
      "name" : "nvme0n1",
      "read_ios" : 677014,
      "write_ios" : 104,
      "read_merges" : 79077,
      "write_merges" : 62,
      "read_ticks" : 42129,
      "write_ticks" : 54,
      "in_queue" : 42184,
      "util" : 75.405405
    }
  ]
}
