{
  "fio version" : "fio-3.28",
  "timestamp" : 1767706377,
  "timestamp_ms" : 1767706377746,
  "time" : "Tue Jan  6 14:32:57 2026",
  "jobs" : [
    {
      "jobname" : "regular_swap_SEQ_READ",
      "groupid" : 0,
      "error" : 0,
      "eta" : 0,
      "elapsed" : 11,
      "job options" : {
        "name" : "regular_swap_SEQ_READ",
        "filename" : "/swapfile",
        "rw" : "read",
        "bs" : "1M",
        "direct" : "1",
        "numjobs" : "8",
        "runtime" : "10"
      },
      "read" : {
        "io_bytes" : 68731011072,
        "io_kbytes" : 67120128,
        "bw_bytes" : 6872413865,
        "bw" : 6711341,
        "iops" : 6554.044596,
        "runtime" : 10001,
        "total_ios" : 65547,
        "short_ios" : 0,
        "drop_ios" : 0,
        "slat_ns" : {
          "min" : 0,
          "max" : 0,
          "mean" : 0.000000,
          "stddev" : 0.000000,
          "N" : 0
        },
        "clat_ns" : {
          "min" : 267099,
          "max" : 24334296,
          "mean" : 1220259.949120,
          "stddev" : 1046008.110133,
          "N" : 65547,
          "percentile" : {
            "1.000000" : 643072,
            "5.000000" : 839680,
            "10.000000" : 921600,
            "20.000000" : 1019904,
            "30.000000" : 1089536,
            "40.000000" : 1138688,
            "50.000000" : 1171456,
            "60.000000" : 1220608,
            "70.000000" : 1269760,
            "80.000000" : 1335296,
            "90.000000" : 1417216,
            "95.000000" : 1499136,
            "99.000000" : 1695744,
            "99.500000" : 1826816,
            "99.900000" : 23199744,
            "99.950000" : 23199744,
            "99.990000" : 23724032
          }
        },
        "lat_ns" : {
          "min" : 267119,
          "max" : 24334316,
          "mean" : 1220294.386730,
          "stddev" : 1046008.470180,
          "N" : 65547
        },
        "bw_min" : 6213632,
        "bw_max" : 7106560,
        "bw_agg" : 100.000000,
        "bw_mean" : 6727096.210526,
        "bw_dev" : 35916.989095,
        "bw_samples" : 152,
        "iops_min" : 6068,
        "iops_max" : 6940,
        "iops_mean" : 6569.263158,
        "iops_stddev" : 35.086985,
        "iops_samples" : 152
      },
      "write" : {
        "io_bytes" : 0,
        "io_kbytes" : 0,
        "bw_bytes" : 0,
        "bw" : 0,
        "iops" : 0.000000,
        "runtime" : 0,
        "total_ios" : 0,
        "short_ios" : 0,
        "drop_ios" : 0,
        "slat_ns" : {
          "min" : 0,
          "max" : 0,
          "mean" : 0.000000,
          "stddev" : 0.000000,
          "N" : 0
        },
        "clat_ns" : {
          "min" : 0,
          "max" : 0,
          "mean" : 0.000000,
          "stddev" : 0.000000,
          "N" : 0
        },
        "lat_ns" : {
          "min" : 0,
          "max" : 0,
          "mean" : 0.000000,
          "stddev" : 0.000000,
          "N" : 0
        },
        "bw_min" : 0,
        "bw_max" : 0,
        "bw_agg" : 0.000000,
        "bw_mean" : 0.000000,
        "bw_dev" : 0.000000,
        "bw_samples" : 0,
        "iops_min" : 0,
        "iops_max" : 0,
        "iops_mean" : 0.000000,
        "iops_stddev" : 0.000000,
        "iops_samples" : 0
      },
      "trim" : {
        "io_bytes" : 0,
        "io_kbytes" : 0,
        "bw_bytes" : 0,
        "bw" : 0,
        "iops" : 0.000000,
        "runtime" : 0,
        "total_ios" : 0,
        "short_ios" : 0,
        "drop_ios" : 0,
        "slat_ns" : {
          "min" : 0,
          "max" : 0,
          "mean" : 0.000000,
          "stddev" : 0.000000,
          "N" : 0
        },
        "clat_ns" : {
          "min" : 0,
          "max" : 0,
          "mean" : 0.000000,
          "stddev" : 0.000000,
          "N" : 0
        },
        "lat_ns" : {
          "min" : 0,
          "max" : 0,
          "mean" : 0.000000,
          "stddev" : 0.000000,
          "N" : 0
        },
        "bw_min" : 0,
        "bw_max" : 0,
        "bw_agg" : 0.000000,
        "bw_mean" : 0.000000,
        "bw_dev" : 0.000000,
        "bw_samples" : 0,
        "iops_min" : 0,
        "iops_max" : 0,
        "iops_mean" : 0.000000,
        "iops_stddev" : 0.000000,
        "iops_samples" : 0
      },
      "sync" : {
        "total_ios" : 0,
        "lat_ns" : {
          "min" : 0,
          "max" : 0,
          "mean" : 0.000000,
          "stddev" : 0.000000,
          "N" : 0
        }
      },
      "job_runtime" : 80000,
      "usr_cpu" : 0.058750,
      "sys_cpu" : 4.810000,
      "ctx" : 65886,
      "majf" : 0,
      "minf" : 2167,
      "iodepth_level" : {
        "1" : 100.000000,
        "2" : 0.000000,
        "4" : 0.000000,
        "8" : 0.000000,
        "16" : 0.000000,
        "32" : 0.000000,
        ">=64" : 0.000000
      },
      "iodepth_submit" : {
        "0" : 0.000000,
        "4" : 100.000000,
        "8" : 0.000000,
        "16" : 0.000000,
        "32" : 0.000000,
        "64" : 0.000000,
        ">=64" : 0.000000
      },
      "iodepth_complete" : {
        "0" : 0.000000,
        "4" : 100.000000,
        "8" : 0.000000,
        "16" : 0.000000,
        "32" : 0.000000,
        "64" : 0.000000,
        ">=64" : 0.000000
      },
      "latency_ns" : {
        "2" : 0.000000,
        "4" : 0.000000,
        "10" : 0.000000,
        "20" : 0.000000,
        "50" : 0.000000,
        "100" : 0.000000,
        "250" : 0.000000,
        "500" : 0.000000,
        "750" : 0.000000,
        "1000" : 0.000000
      },
      "latency_us" : {
        "2" : 0.000000,
        "4" : 0.000000,
        "10" : 0.000000,
        "20" : 0.000000,
        "50" : 0.000000,
        "100" : 0.000000,
        "250" : 0.000000,
        "500" : 0.205959,
        "750" : 2.476086,
        "1000" : 14.472058
      },
      "latency_ms" : {
        "2" : 82.546875,
        "4" : 0.079332,
        "10" : 0.000000,
        "20" : 0.000000,
        "50" : 0.219690,
        "100" : 0.000000,
        "250" : 0.000000,
        "500" : 0.000000,
        "750" : 0.000000,
        "1000" : 0.000000,
        "2000" : 0.000000,
        ">=2000" : 0.000000
      },
      "latency_depth" : 1,
      "latency_target" : 0,
      "latency_percentile" : 100.000000,
      "latency_window" : 0
    }
  ],
  "disk_util" : [
    {
      "name" : "nvme0n1",
      "read_ios" : 518346,
      "write_ios" : 92,
      "read_merges" : 478,
      "write_merges" : 53,
      "read_ticks" : 448321,
      "write_ticks" : 58,
      "in_queue" : 448383,
      "util" : 79.851867
    }
  ]
}
