{
  "fio version" : "fio-3.28",
  "timestamp" : 1767705917,
  "timestamp_ms" : 1767705917313,
  "time" : "Tue Jan  6 14:25:17 2026",
  "jobs" : [
    {
      "jobname" : "kernel_zram_RAND_READ",
      "groupid" : 0,
      "error" : 0,
      "eta" : 0,
      "elapsed" : 11,
      "job options" : {
        "name" : "kernel_zram_RAND_READ",
        "filename" : "/dev/zram0",
        "rw" : "randread",
        "bs" : "4k",
        "direct" : "1",
        "iodepth" : "32",
        "numjobs" : "4",
        "runtime" : "10"
      },
      "read" : {
        "io_bytes" : 102488276992,
        "io_kbytes" : 100086208,
        "bw_bytes" : 10247802918,
        "bw" : 10007620,
        "iops" : 2501905.009499,
        "runtime" : 10001,
        "total_ios" : 25021552,
        "short_ios" : 0,
        "drop_ios" : 0,
        "slat_ns" : {
          "min" : 0,
          "max" : 0,
          "mean" : 0.000000,
          "stddev" : 0.000000,
          "N" : 0
        },
        "clat_ns" : {
          "min" : 1152,
          "max" : 999407,
          "mean" : 1424.592834,
          "stddev" : 479.266960,
          "N" : 25021552,
          "percentile" : {
            "1.000000" : 1208,
            "5.000000" : 1288,
            "10.000000" : 1288,
            "20.000000" : 1320,
            "30.000000" : 1336,
            "40.000000" : 1400,
            "50.000000" : 1416,
            "60.000000" : 1448,
            "70.000000" : 1448,
            "80.000000" : 1480,
            "90.000000" : 1528,
            "95.000000" : 1608,
            "99.000000" : 1896,
            "99.500000" : 2024,
            "99.900000" : 5088,
            "99.950000" : 5856,
            "99.990000" : 9280
          }
        },
        "lat_ns" : {
          "min" : 1171,
          "max" : 999427,
          "mean" : 1445.165436,
          "stddev" : 482.938347,
          "N" : 25021552
        },
        "bw_min" : 9746400,
        "bw_max" : 10346072,
        "bw_agg" : 100.000000,
        "bw_mean" : 10024244.210526,
        "bw_dev" : 39713.688940,
        "bw_samples" : 76,
        "iops_min" : 2436600,
        "iops_max" : 2586518,
        "iops_mean" : 2506061.157895,
        "iops_stddev" : 9928.449706,
        "iops_samples" : 76
      },
      "write" : {
        "io_bytes" : 0,
        "io_kbytes" : 0,
        "bw_bytes" : 0,
        "bw" : 0,
        "iops" : 0.000000,
        "runtime" : 0,
        "total_ios" : 0,
        "short_ios" : 0,
        "drop_ios" : 0,
        "slat_ns" : {
          "min" : 0,
          "max" : 0,
          "mean" : 0.000000,
          "stddev" : 0.000000,
          "N" : 0
        },
        "clat_ns" : {
          "min" : 0,
          "max" : 0,
          "mean" : 0.000000,
          "stddev" : 0.000000,
          "N" : 0
        },
        "lat_ns" : {
          "min" : 0,
          "max" : 0,
          "mean" : 0.000000,
          "stddev" : 0.000000,
          "N" : 0
        },
        "bw_min" : 0,
        "bw_max" : 0,
        "bw_agg" : 0.000000,
        "bw_mean" : 0.000000,
        "bw_dev" : 0.000000,
        "bw_samples" : 0,
        "iops_min" : 0,
        "iops_max" : 0,
        "iops_mean" : 0.000000,
        "iops_stddev" : 0.000000,
        "iops_samples" : 0
      },
      "trim" : {
        "io_bytes" : 0,
        "io_kbytes" : 0,
        "bw_bytes" : 0,
        "bw" : 0,
        "iops" : 0.000000,
        "runtime" : 0,
        "total_ios" : 0,
        "short_ios" : 0,
        "drop_ios" : 0,
        "slat_ns" : {
          "min" : 0,
          "max" : 0,
          "mean" : 0.000000,
          "stddev" : 0.000000,
          "N" : 0
        },
        "clat_ns" : {
          "min" : 0,
          "max" : 0,
          "mean" : 0.000000,
          "stddev" : 0.000000,
          "N" : 0
        },
        "lat_ns" : {
          "min" : 0,
          "max" : 0,
          "mean" : 0.000000,
          "stddev" : 0.000000,
          "N" : 0
        },
        "bw_min" : 0,
        "bw_max" : 0,
        "bw_agg" : 0.000000,
        "bw_mean" : 0.000000,
        "bw_dev" : 0.000000,
        "bw_samples" : 0,
        "iops_min" : 0,
        "iops_max" : 0,
        "iops_mean" : 0.000000,
        "iops_stddev" : 0.000000,
        "iops_samples" : 0
      },
      "sync" : {
        "total_ios" : 0,
        "lat_ns" : {
          "min" : 0,
          "max" : 0,
          "mean" : 0.000000,
          "stddev" : 0.000000,
          "N" : 0
        }
      },
      "job_runtime" : 40000,
      "usr_cpu" : 17.977500,
      "sys_cpu" : 81.987500,
      "ctx" : 526,
      "majf" : 0,
      "minf" : 59,
      "iodepth_level" : {
        "1" : 100.000000,
        "2" : 0.000000,
        "4" : 0.000000,
        "8" : 0.000000,
        "16" : 0.000000,
        "32" : 0.000000,
        ">=64" : 0.000000
      },
      "iodepth_submit" : {
        "0" : 0.000000,
        "4" : 100.000000,
        "8" : 0.000000,
        "16" : 0.000000,
        "32" : 0.000000,
        "64" : 0.000000,
        ">=64" : 0.000000
      },
      "iodepth_complete" : {
        "0" : 0.000000,
        "4" : 100.000000,
        "8" : 0.000000,
        "16" : 0.000000,
        "32" : 0.000000,
        "64" : 0.000000,
        ">=64" : 0.000000
      },
      "latency_ns" : {
        "2" : 0.000000,
        "4" : 0.000000,
        "10" : 0.000000,
        "20" : 0.000000,
        "50" : 0.000000,
        "100" : 0.000000,
        "250" : 0.000000,
        "500" : 0.000000,
        "750" : 0.000000,
        "1000" : 0.000000
      },
      "latency_us" : {
        "2" : 99.424708,
        "4" : 0.432403,
        "10" : 0.133657,
        "20" : 0.010000,
        "50" : 0.010000,
        "100" : 0.010000,
        "250" : 0.010000,
        "500" : 0.010000,
        "750" : 0.000000,
        "1000" : 0.010000
      },
      "latency_ms" : {
        "2" : 0.000000,
        "4" : 0.000000,
        "10" : 0.000000,
        "20" : 0.000000,
        "50" : 0.000000,
        "100" : 0.000000,
        "250" : 0.000000,
        "500" : 0.000000,
        "750" : 0.000000,
        "1000" : 0.000000,
        "2000" : 0.000000,
        ">=2000" : 0.000000
      },
      "latency_depth" : 32,
      "latency_target" : 0,
      "latency_percentile" : 100.000000,
      "latency_window" : 0
    }
  ],
  "disk_util" : [
    {
      "name" : "zram0",
      "read_ios" : 24676712,
      "write_ios" : 0,
      "read_merges" : 0,
      "write_merges" : 0,
      "read_ticks" : 4887,
      "write_ticks" : 0,
      "in_queue" : 4887,
      "util" : 49.593169
    }
  ]
}
