{
  "fio version" : "fio-3.28",
  "timestamp" : 1767705891,
  "timestamp_ms" : 1767705891848,
  "time" : "Tue Jan  6 14:24:51 2026",
  "jobs" : [
    {
      "jobname" : "regular_swap_RAND_READ",
      "groupid" : 0,
      "error" : 0,
      "eta" : 0,
      "elapsed" : 11,
      "job options" : {
        "name" : "regular_swap_RAND_READ",
        "filename" : "/swapfile",
        "rw" : "randread",
        "bs" : "4k",
        "direct" : "1",
        "iodepth" : "32",
        "numjobs" : "4",
        "runtime" : "10"
      },
      "read" : {
        "io_bytes" : 2752331776,
        "io_kbytes" : 2687824,
        "bw_bytes" : 275205657,
        "bw" : 268755,
        "iops" : 67188.881112,
        "runtime" : 10001,
        "total_ios" : 671956,
        "short_ios" : 0,
        "drop_ios" : 0,
        "slat_ns" : {
          "min" : 0,
          "max" : 0,
          "mean" : 0.000000,
          "stddev" : 0.000000,
          "N" : 0
        },
        "clat_ns" : {
          "min" : 13791,
          "max" : 64242823,
          "mean" : 59199.774503,
          "stddev" : 294317.865210,
          "N" : 671956,
          "percentile" : {
            "1.000000" : 43776,
            "5.000000" : 45824,
            "10.000000" : 47360,
            "20.000000" : 47872,
            "30.000000" : 48384,
            "40.000000" : 48384,
            "50.000000" : 48896,
            "60.000000" : 49408,
            "70.000000" : 50432,
            "80.000000" : 52480,
            "90.000000" : 54528,
            "95.000000" : 57600,
            "99.000000" : 177152,
            "99.500000" : 436224,
            "99.900000" : 1253376,
            "99.950000" : 1384448,
            "99.990000" : 21626880
          }
        },
        "lat_ns" : {
          "min" : 13811,
          "max" : 64242903,
          "mean" : 59223.486679,
          "stddev" : 294318.576305,
          "N" : 671956
        },
        "bw_min" : 97240,
        "bw_max" : 322640,
        "bw_agg" : 99.082242,
        "bw_mean" : 266289.263158,
        "bw_dev" : 19030.164369,
        "bw_samples" : 76,
        "iops_min" : 24310,
        "iops_max" : 80660,
        "iops_mean" : 66572.315789,
        "iops_stddev" : 4757.541092,
        "iops_samples" : 76
      },
      "write" : {
        "io_bytes" : 0,
        "io_kbytes" : 0,
        "bw_bytes" : 0,
        "bw" : 0,
        "iops" : 0.000000,
        "runtime" : 0,
        "total_ios" : 0,
        "short_ios" : 0,
        "drop_ios" : 0,
        "slat_ns" : {
          "min" : 0,
          "max" : 0,
          "mean" : 0.000000,
          "stddev" : 0.000000,
          "N" : 0
        },
        "clat_ns" : {
          "min" : 0,
          "max" : 0,
          "mean" : 0.000000,
          "stddev" : 0.000000,
          "N" : 0
        },
        "lat_ns" : {
          "min" : 0,
          "max" : 0,
          "mean" : 0.000000,
          "stddev" : 0.000000,
          "N" : 0
        },
        "bw_min" : 0,
        "bw_max" : 0,
        "bw_agg" : 0.000000,
        "bw_mean" : 0.000000,
        "bw_dev" : 0.000000,
        "bw_samples" : 0,
        "iops_min" : 0,
        "iops_max" : 0,
        "iops_mean" : 0.000000,
        "iops_stddev" : 0.000000,
        "iops_samples" : 0
      },
      "trim" : {
        "io_bytes" : 0,
        "io_kbytes" : 0,
        "bw_bytes" : 0,
        "bw" : 0,
        "iops" : 0.000000,
        "runtime" : 0,
        "total_ios" : 0,
        "short_ios" : 0,
        "drop_ios" : 0,
        "slat_ns" : {
          "min" : 0,
          "max" : 0,
          "mean" : 0.000000,
          "stddev" : 0.000000,
          "N" : 0
        },
        "clat_ns" : {
          "min" : 0,
          "max" : 0,
          "mean" : 0.000000,
          "stddev" : 0.000000,
          "N" : 0
        },
        "lat_ns" : {
          "min" : 0,
          "max" : 0,
          "mean" : 0.000000,
          "stddev" : 0.000000,
          "N" : 0
        },
        "bw_min" : 0,
        "bw_max" : 0,
        "bw_agg" : 0.000000,
        "bw_mean" : 0.000000,
        "bw_dev" : 0.000000,
        "bw_samples" : 0,
        "iops_min" : 0,
        "iops_max" : 0,
        "iops_mean" : 0.000000,
        "iops_stddev" : 0.000000,
        "iops_samples" : 0
      },
      "sync" : {
        "total_ios" : 0,
        "lat_ns" : {
          "min" : 0,
          "max" : 0,
          "mean" : 0.000000,
          "stddev" : 0.000000,
          "N" : 0
        }
      },
      "job_runtime" : 40000,
      "usr_cpu" : 1.125000,
      "sys_cpu" : 7.990000,
      "ctx" : 672304,
      "majf" : 0,
      "minf" : 70,
      "iodepth_level" : {
        "1" : 100.000000,
        "2" : 0.000000,
        "4" : 0.000000,
        "8" : 0.000000,
        "16" : 0.000000,
        "32" : 0.000000,
        ">=64" : 0.000000
      },
      "iodepth_submit" : {
        "0" : 0.000000,
        "4" : 100.000000,
        "8" : 0.000000,
        "16" : 0.000000,
        "32" : 0.000000,
        "64" : 0.000000,
        ">=64" : 0.000000
      },
      "iodepth_complete" : {
        "0" : 0.000000,
        "4" : 100.000000,
        "8" : 0.000000,
        "16" : 0.000000,
        "32" : 0.000000,
        "64" : 0.000000,
        ">=64" : 0.000000
      },
      "latency_ns" : {
        "2" : 0.000000,
        "4" : 0.000000,
        "10" : 0.000000,
        "20" : 0.000000,
        "50" : 0.000000,
        "100" : 0.000000,
        "250" : 0.000000,
        "500" : 0.000000,
        "750" : 0.000000,
        "1000" : 0.000000
      },
      "latency_us" : {
        "2" : 0.000000,
        "4" : 0.000000,
        "10" : 0.000000,
        "20" : 0.010000,
        "50" : 65.983189,
        "100" : 32.501384,
        "250" : 0.693498,
        "500" : 0.368477,
        "750" : 0.114144,
        "1000" : 0.127985
      },
      "latency_ms" : {
        "2" : 0.192721,
        "4" : 0.010000,
        "10" : 0.010000,
        "20" : 0.010000,
        "50" : 0.011013,
        "100" : 0.010000,
        "250" : 0.000000,
        "500" : 0.000000,
        "750" : 0.000000,
        "1000" : 0.000000,
        "2000" : 0.000000,
        ">=2000" : 0.000000
      },
      "latency_depth" : 32,
      "latency_target" : 0,
      "latency_percentile" : 100.000000,
      "latency_window" : 0
    }
  ],
  "disk_util" : [
    {
      "name" : "nvme0n1",
      "read_ios" : 664917,
      "write_ios" : 574,
      "read_merges" : 1580,
      "write_merges" : 550,
      "read_ticks" : 36761,
      "write_ticks" : 469,
      "in_queue" : 37292,
      "util" : 74.064064
    }
  ]
}
