{
  "fio version" : "fio-3.28",
  "timestamp" : 1767705880,
  "timestamp_ms" : 1767705880287,
  "time" : "Tue Jan  6 14:24:40 2026",
  "jobs" : [
    {
      "jobname" : "regular_swap_SEQ_READ",
      "groupid" : 0,
      "error" : 0,
      "eta" : 0,
      "elapsed" : 11,
      "job options" : {
        "name" : "regular_swap_SEQ_READ",
        "filename" : "/swapfile",
        "rw" : "read",
        "bs" : "1M",
        "direct" : "1",
        "numjobs" : "8",
        "runtime" : "10"
      },
      "read" : {
        "io_bytes" : 45933920256,
        "io_kbytes" : 44857344,
        "bw_bytes" : 4592473530,
        "bw" : 4484837,
        "iops" : 4379.724055,
        "runtime" : 10002,
        "total_ios" : 43806,
        "short_ios" : 0,
        "drop_ios" : 0,
        "slat_ns" : {
          "min" : 0,
          "max" : 0,
          "mean" : 0.000000,
          "stddev" : 0.000000,
          "N" : 0
        },
        "clat_ns" : {
          "min" : 266009,
          "max" : 51299918,
          "mean" : 1825890.995617,
          "stddev" : 2142274.724964,
          "N" : 43806,
          "percentile" : {
            "1.000000" : 700416,
            "5.000000" : 905216,
            "10.000000" : 1003520,
            "20.000000" : 1105920,
            "30.000000" : 1187840,
            "40.000000" : 1253376,
            "50.000000" : 1335296,
            "60.000000" : 1482752,
            "70.000000" : 1810432,
            "80.000000" : 2408448,
            "90.000000" : 3031040,
            "95.000000" : 3489792,
            "99.000000" : 4816896,
            "99.500000" : 8978432,
            "99.900000" : 36438016,
            "99.950000" : 42205184,
            "99.990000" : 48496640
          }
        },
        "lat_ns" : {
          "min" : 266029,
          "max" : 51299938,
          "mean" : 1825935.293613,
          "stddev" : 2142278.578381,
          "N" : 43806
        },
        "bw_min" : 2207911,
        "bw_max" : 6303744,
        "bw_agg" : 97.408391,
        "bw_mean" : 4368608.368421,
        "bw_dev" : 138574.336604,
        "bw_samples" : 152,
        "iops_min" : 2154,
        "iops_max" : 6156,
        "iops_mean" : 4266.105263,
        "iops_stddev" : 135.354382,
        "iops_samples" : 152
      },
      "write" : {
        "io_bytes" : 0,
        "io_kbytes" : 0,
        "bw_bytes" : 0,
        "bw" : 0,
        "iops" : 0.000000,
        "runtime" : 0,
        "total_ios" : 0,
        "short_ios" : 0,
        "drop_ios" : 0,
        "slat_ns" : {
          "min" : 0,
          "max" : 0,
          "mean" : 0.000000,
          "stddev" : 0.000000,
          "N" : 0
        },
        "clat_ns" : {
          "min" : 0,
          "max" : 0,
          "mean" : 0.000000,
          "stddev" : 0.000000,
          "N" : 0
        },
        "lat_ns" : {
          "min" : 0,
          "max" : 0,
          "mean" : 0.000000,
          "stddev" : 0.000000,
          "N" : 0
        },
        "bw_min" : 0,
        "bw_max" : 0,
        "bw_agg" : 0.000000,
        "bw_mean" : 0.000000,
        "bw_dev" : 0.000000,
        "bw_samples" : 0,
        "iops_min" : 0,
        "iops_max" : 0,
        "iops_mean" : 0.000000,
        "iops_stddev" : 0.000000,
        "iops_samples" : 0
      },
      "trim" : {
        "io_bytes" : 0,
        "io_kbytes" : 0,
        "bw_bytes" : 0,
        "bw" : 0,
        "iops" : 0.000000,
        "runtime" : 0,
        "total_ios" : 0,
        "short_ios" : 0,
        "drop_ios" : 0,
        "slat_ns" : {
          "min" : 0,
          "max" : 0,
          "mean" : 0.000000,
          "stddev" : 0.000000,
          "N" : 0
        },
        "clat_ns" : {
          "min" : 0,
          "max" : 0,
          "mean" : 0.000000,
          "stddev" : 0.000000,
          "N" : 0
        },
        "lat_ns" : {
          "min" : 0,
          "max" : 0,
          "mean" : 0.000000,
          "stddev" : 0.000000,
          "N" : 0
        },
        "bw_min" : 0,
        "bw_max" : 0,
        "bw_agg" : 0.000000,
        "bw_mean" : 0.000000,
        "bw_dev" : 0.000000,
        "bw_samples" : 0,
        "iops_min" : 0,
        "iops_max" : 0,
        "iops_mean" : 0.000000,
        "iops_stddev" : 0.000000,
        "iops_samples" : 0
      },
      "sync" : {
        "total_ios" : 0,
        "lat_ns" : {
          "min" : 0,
          "max" : 0,
          "mean" : 0.000000,
          "stddev" : 0.000000,
          "N" : 0
        }
      },
      "job_runtime" : 80002,
      "usr_cpu" : 0.054999,
      "sys_cpu" : 3.448664,
      "ctx" : 44071,
      "majf" : 0,
      "minf" : 2167,
      "iodepth_level" : {
        "1" : 100.000000,
        "2" : 0.000000,
        "4" : 0.000000,
        "8" : 0.000000,
        "16" : 0.000000,
        "32" : 0.000000,
        ">=64" : 0.000000
      },
      "iodepth_submit" : {
        "0" : 0.000000,
        "4" : 100.000000,
        "8" : 0.000000,
        "16" : 0.000000,
        "32" : 0.000000,
        "64" : 0.000000,
        ">=64" : 0.000000
      },
      "iodepth_complete" : {
        "0" : 0.000000,
        "4" : 100.000000,
        "8" : 0.000000,
        "16" : 0.000000,
        "32" : 0.000000,
        "64" : 0.000000,
        ">=64" : 0.000000
      },
      "latency_ns" : {
        "2" : 0.000000,
        "4" : 0.000000,
        "10" : 0.000000,
        "20" : 0.000000,
        "50" : 0.000000,
        "100" : 0.000000,
        "250" : 0.000000,
        "500" : 0.000000,
        "750" : 0.000000,
        "1000" : 0.000000
      },
      "latency_us" : {
        "2" : 0.000000,
        "4" : 0.000000,
        "10" : 0.000000,
        "20" : 0.000000,
        "50" : 0.000000,
        "100" : 0.000000,
        "250" : 0.000000,
        "500" : 0.159795,
        "750" : 1.314888,
        "1000" : 8.316212
      },
      "latency_ms" : {
        "2" : 63.461626,
        "4" : 24.245537,
        "10" : 2.017988,
        "20" : 0.079898,
        "50" : 0.399489,
        "100" : 0.010000,
        "250" : 0.000000,
        "500" : 0.000000,
        "750" : 0.000000,
        "1000" : 0.000000,
        "2000" : 0.000000,
        ">=2000" : 0.000000
      },
      "latency_depth" : 1,
      "latency_target" : 0,
      "latency_percentile" : 100.000000,
      "latency_window" : 0
    }
  ],
  "disk_util" : [
    {
      "name" : "nvme0n1",
      "read_ios" : 347352,
      "write_ios" : 550,
      "read_merges" : 2677,
      "write_merges" : 549,
      "read_ticks" : 474326,
      "write_ticks" : 2141,
      "in_queue" : 476605,
      "util" : 84.094094
    }
  ]
}
