{
  "fio version" : "fio-3.28",
  "timestamp" : 1767706463,
  "timestamp_ms" : 1767706463285,
  "time" : "Tue Jan  6 14:34:23 2026",
  "jobs" : [
    {
      "jobname" : "regular_swap_SEQ_READ",
      "groupid" : 0,
      "error" : 0,
      "eta" : 0,
      "elapsed" : 11,
      "job options" : {
        "name" : "regular_swap_SEQ_READ",
        "filename" : "/swapfile",
        "rw" : "read",
        "bs" : "1M",
        "direct" : "1",
        "numjobs" : "8",
        "runtime" : "10"
      },
      "read" : {
        "io_bytes" : 68291657728,
        "io_kbytes" : 66691072,
        "bw_bytes" : 6828482924,
        "bw" : 6668440,
        "iops" : 6512.148785,
        "runtime" : 10001,
        "total_ios" : 65128,
        "short_ios" : 0,
        "drop_ios" : 0,
        "slat_ns" : {
          "min" : 0,
          "max" : 0,
          "mean" : 0.000000,
          "stddev" : 0.000000,
          "N" : 0
        },
        "clat_ns" : {
          "min" : 266723,
          "max" : 24380471,
          "mean" : 1228074.464547,
          "stddev" : 1053918.368873,
          "N" : 65128,
          "percentile" : {
            "1.000000" : 675840,
            "5.000000" : 856064,
            "10.000000" : 937984,
            "20.000000" : 1028096,
            "30.000000" : 1089536,
            "40.000000" : 1138688,
            "50.000000" : 1171456,
            "60.000000" : 1220608,
            "70.000000" : 1269760,
            "80.000000" : 1335296,
            "90.000000" : 1417216,
            "95.000000" : 1515520,
            "99.000000" : 1728512,
            "99.500000" : 1925120,
            "99.900000" : 23199744,
            "99.950000" : 23461888,
            "99.990000" : 23986176
          }
        },
        "lat_ns" : {
          "min" : 266753,
          "max" : 24380521,
          "mean" : 1228111.249294,
          "stddev" : 1053918.695162,
          "N" : 65128
        },
        "bw_min" : 5977942,
        "bw_max" : 7063552,
        "bw_agg" : 99.800368,
        "bw_mean" : 6655128.736842,
        "bw_dev" : 39608.315804,
        "bw_samples" : 152,
        "iops_min" : 5836,
        "iops_max" : 6898,
        "iops_mean" : 6499.052632,
        "iops_stddev" : 38.705995,
        "iops_samples" : 152
      },
      "write" : {
        "io_bytes" : 0,
        "io_kbytes" : 0,
        "bw_bytes" : 0,
        "bw" : 0,
        "iops" : 0.000000,
        "runtime" : 0,
        "total_ios" : 0,
        "short_ios" : 0,
        "drop_ios" : 0,
        "slat_ns" : {
          "min" : 0,
          "max" : 0,
          "mean" : 0.000000,
          "stddev" : 0.000000,
          "N" : 0
        },
        "clat_ns" : {
          "min" : 0,
          "max" : 0,
          "mean" : 0.000000,
          "stddev" : 0.000000,
          "N" : 0
        },
        "lat_ns" : {
          "min" : 0,
          "max" : 0,
          "mean" : 0.000000,
          "stddev" : 0.000000,
          "N" : 0
        },
        "bw_min" : 0,
        "bw_max" : 0,
        "bw_agg" : 0.000000,
        "bw_mean" : 0.000000,
        "bw_dev" : 0.000000,
        "bw_samples" : 0,
        "iops_min" : 0,
        "iops_max" : 0,
        "iops_mean" : 0.000000,
        "iops_stddev" : 0.000000,
        "iops_samples" : 0
      },
      "trim" : {
        "io_bytes" : 0,
        "io_kbytes" : 0,
        "bw_bytes" : 0,
        "bw" : 0,
        "iops" : 0.000000,
        "runtime" : 0,
        "total_ios" : 0,
        "short_ios" : 0,
        "drop_ios" : 0,
        "slat_ns" : {
          "min" : 0,
          "max" : 0,
          "mean" : 0.000000,
          "stddev" : 0.000000,
          "N" : 0
        },
        "clat_ns" : {
          "min" : 0,
          "max" : 0,
          "mean" : 0.000000,
          "stddev" : 0.000000,
          "N" : 0
        },
        "lat_ns" : {
          "min" : 0,
          "max" : 0,
          "mean" : 0.000000,
          "stddev" : 0.000000,
          "N" : 0
        },
        "bw_min" : 0,
        "bw_max" : 0,
        "bw_agg" : 0.000000,
        "bw_mean" : 0.000000,
        "bw_dev" : 0.000000,
        "bw_samples" : 0,
        "iops_min" : 0,
        "iops_max" : 0,
        "iops_mean" : 0.000000,
        "iops_stddev" : 0.000000,
        "iops_samples" : 0
      },
      "sync" : {
        "total_ios" : 0,
        "lat_ns" : {
          "min" : 0,
          "max" : 0,
          "mean" : 0.000000,
          "stddev" : 0.000000,
          "N" : 0
        }
      },
      "job_runtime" : 80000,
      "usr_cpu" : 0.062500,
      "sys_cpu" : 4.950000,
      "ctx" : 65434,
      "majf" : 0,
      "minf" : 2187,
      "iodepth_level" : {
        "1" : 100.000000,
        "2" : 0.000000,
        "4" : 0.000000,
        "8" : 0.000000,
        "16" : 0.000000,
        "32" : 0.000000,
        ">=64" : 0.000000
      },
      "iodepth_submit" : {
        "0" : 0.000000,
        "4" : 100.000000,
        "8" : 0.000000,
        "16" : 0.000000,
        "32" : 0.000000,
        "64" : 0.000000,
        ">=64" : 0.000000
      },
      "iodepth_complete" : {
        "0" : 0.000000,
        "4" : 100.000000,
        "8" : 0.000000,
        "16" : 0.000000,
        "32" : 0.000000,
        "64" : 0.000000,
        ">=64" : 0.000000
      },
      "latency_ns" : {
        "2" : 0.000000,
        "4" : 0.000000,
        "10" : 0.000000,
        "20" : 0.000000,
        "50" : 0.000000,
        "100" : 0.000000,
        "250" : 0.000000,
        "500" : 0.000000,
        "750" : 0.000000,
        "1000" : 0.000000
      },
      "latency_us" : {
        "2" : 0.000000,
        "4" : 0.000000,
        "10" : 0.000000,
        "20" : 0.000000,
        "50" : 0.000000,
        "100" : 0.000000,
        "250" : 0.000000,
        "500" : 0.182717,
        "750" : 1.853274,
        "1000" : 14.092249
      },
      "latency_ms" : {
        "2" : 83.440302,
        "4" : 0.208820,
        "10" : 0.010000,
        "20" : 0.000000,
        "50" : 0.221103,
        "100" : 0.000000,
        "250" : 0.000000,
        "500" : 0.000000,
        "750" : 0.000000,
        "1000" : 0.000000,
        "2000" : 0.000000,
        ">=2000" : 0.000000
      },
      "latency_depth" : 1,
      "latency_target" : 0,
      "latency_percentile" : 100.000000,
      "latency_window" : 0
    }
  ],
  "disk_util" : [
    {
      "name" : "nvme0n1",
      "read_ios" : 515068,
      "write_ios" : 127,
      "read_merges" : 448,
      "write_merges" : 99,
      "read_ticks" : 459973,
      "write_ticks" : 24,
      "in_queue" : 460002,
      "util" : 80.364474
    }
  ]
}
