{
  "fio version" : "fio-3.28",
  "timestamp" : 1767706572,
  "timestamp_ms" : 1767706572427,
  "time" : "Tue Jan  6 14:36:12 2026",
  "jobs" : [
    {
      "jobname" : "regular_swap_RAND_READ",
      "groupid" : 0,
      "error" : 0,
      "eta" : 0,
      "elapsed" : 11,
      "job options" : {
        "name" : "regular_swap_RAND_READ",
        "filename" : "/swapfile",
        "rw" : "randread",
        "bs" : "4k",
        "direct" : "1",
        "iodepth" : "32",
        "numjobs" : "4",
        "runtime" : "10"
      },
      "read" : {
        "io_bytes" : 1396170752,
        "io_kbytes" : 1363448,
        "bw_bytes" : 139589157,
        "bw" : 136317,
        "iops" : 34079.384123,
        "runtime" : 10002,
        "total_ios" : 340862,
        "short_ios" : 0,
        "drop_ios" : 0,
        "slat_ns" : {
          "min" : 0,
          "max" : 0,
          "mean" : 0.000000,
          "stddev" : 0.000000,
          "N" : 0
        },
        "clat_ns" : {
          "min" : 13800,
          "max" : 48363421,
          "mean" : 116921.368510,
          "stddev" : 573901.100515,
          "N" : 340862,
          "percentile" : {
            "1.000000" : 44288,
            "5.000000" : 47360,
            "10.000000" : 48384,
            "20.000000" : 48384,
            "30.000000" : 48896,
            "40.000000" : 49920,
            "50.000000" : 50944,
            "60.000000" : 52992,
            "70.000000" : 55552,
            "80.000000" : 62720,
            "90.000000" : 156672,
            "95.000000" : 399360,
            "99.000000" : 1204224,
            "99.500000" : 1368064,
            "99.900000" : 2506752,
            "99.950000" : 3260416,
            "99.990000" : 35389440
          }
        },
        "lat_ns" : {
          "min" : 13820,
          "max" : 48363521,
          "mean" : 116953.986068,
          "stddev" : 573903.279739,
          "N" : 340862
        },
        "bw_min" : 38360,
        "bw_max" : 311656,
        "bw_agg" : 100.000000,
        "bw_mean" : 137249.263158,
        "bw_dev" : 19480.913735,
        "bw_samples" : 76,
        "iops_min" : 9590,
        "iops_max" : 77914,
        "iops_mean" : 34312.315789,
        "iops_stddev" : 4870.186437,
        "iops_samples" : 76
      },
      "write" : {
        "io_bytes" : 0,
        "io_kbytes" : 0,
        "bw_bytes" : 0,
        "bw" : 0,
        "iops" : 0.000000,
        "runtime" : 0,
        "total_ios" : 0,
        "short_ios" : 0,
        "drop_ios" : 0,
        "slat_ns" : {
          "min" : 0,
          "max" : 0,
          "mean" : 0.000000,
          "stddev" : 0.000000,
          "N" : 0
        },
        "clat_ns" : {
          "min" : 0,
          "max" : 0,
          "mean" : 0.000000,
          "stddev" : 0.000000,
          "N" : 0
        },
        "lat_ns" : {
          "min" : 0,
          "max" : 0,
          "mean" : 0.000000,
          "stddev" : 0.000000,
          "N" : 0
        },
        "bw_min" : 0,
        "bw_max" : 0,
        "bw_agg" : 0.000000,
        "bw_mean" : 0.000000,
        "bw_dev" : 0.000000,
        "bw_samples" : 0,
        "iops_min" : 0,
        "iops_max" : 0,
        "iops_mean" : 0.000000,
        "iops_stddev" : 0.000000,
        "iops_samples" : 0
      },
      "trim" : {
        "io_bytes" : 0,
        "io_kbytes" : 0,
        "bw_bytes" : 0,
        "bw" : 0,
        "iops" : 0.000000,
        "runtime" : 0,
        "total_ios" : 0,
        "short_ios" : 0,
        "drop_ios" : 0,
        "slat_ns" : {
          "min" : 0,
          "max" : 0,
          "mean" : 0.000000,
          "stddev" : 0.000000,
          "N" : 0
        },
        "clat_ns" : {
          "min" : 0,
          "max" : 0,
          "mean" : 0.000000,
          "stddev" : 0.000000,
          "N" : 0
        },
        "lat_ns" : {
          "min" : 0,
          "max" : 0,
          "mean" : 0.000000,
          "stddev" : 0.000000,
          "N" : 0
        },
        "bw_min" : 0,
        "bw_max" : 0,
        "bw_agg" : 0.000000,
        "bw_mean" : 0.000000,
        "bw_dev" : 0.000000,
        "bw_samples" : 0,
        "iops_min" : 0,
        "iops_max" : 0,
        "iops_mean" : 0.000000,
        "iops_stddev" : 0.000000,
        "iops_samples" : 0
      },
      "sync" : {
        "total_ios" : 0,
        "lat_ns" : {
          "min" : 0,
          "max" : 0,
          "mean" : 0.000000,
          "stddev" : 0.000000,
          "N" : 0
        }
      },
      "job_runtime" : 40002,
      "usr_cpu" : 0.807460,
      "sys_cpu" : 4.622269,
      "ctx" : 341569,
      "majf" : 0,
      "minf" : 61,
      "iodepth_level" : {
        "1" : 100.000000,
        "2" : 0.000000,
        "4" : 0.000000,
        "8" : 0.000000,
        "16" : 0.000000,
        "32" : 0.000000,
        ">=64" : 0.000000
      },
      "iodepth_submit" : {
        "0" : 0.000000,
        "4" : 100.000000,
        "8" : 0.000000,
        "16" : 0.000000,
        "32" : 0.000000,
        "64" : 0.000000,
        ">=64" : 0.000000
      },
      "iodepth_complete" : {
        "0" : 0.000000,
        "4" : 100.000000,
        "8" : 0.000000,
        "16" : 0.000000,
        "32" : 0.000000,
        "64" : 0.000000,
        ">=64" : 0.000000
      },
      "latency_ns" : {
        "2" : 0.000000,
        "4" : 0.000000,
        "10" : 0.000000,
        "20" : 0.000000,
        "50" : 0.000000,
        "100" : 0.000000,
        "250" : 0.000000,
        "500" : 0.000000,
        "750" : 0.000000,
        "1000" : 0.000000
      },
      "latency_us" : {
        "2" : 0.000000,
        "4" : 0.000000,
        "10" : 0.000000,
        "20" : 0.010000,
        "50" : 42.430661,
        "100" : 44.709002,
        "250" : 5.190664,
        "500" : 3.472080,
        "750" : 1.224249,
        "1000" : 1.250066
      },
      "latency_ms" : {
        "2" : 1.540213,
        "4" : 0.149327,
        "10" : 0.010000,
        "20" : 0.010000,
        "50" : 0.022296,
        "100" : 0.000000,
        "250" : 0.000000,
        "500" : 0.000000,
        "750" : 0.000000,
        "1000" : 0.000000,
        "2000" : 0.000000,
        ">=2000" : 0.000000
      },
      "latency_depth" : 32,
      "latency_target" : 0,
      "latency_percentile" : 100.000000,
      "latency_window" : 0
    }
  ],
  "disk_util" : [
    {
      "name" : "nvme0n1",
      "read_ios" : 361339,
      "write_ios" : 953,
      "read_merges" : 68231,
      "write_merges" : 1887,
      "read_ticks" : 45152,
      "write_ticks" : 6238,
      "in_queue" : 51461,
      "util" : 82.660927
    }
  ]
}
