{
  "fio version" : "fio-3.28",
  "timestamp" : 1767706559,
  "timestamp_ms" : 1767706559368,
  "time" : "Tue Jan  6 14:35:59 2026",
  "jobs" : [
    {
      "jobname" : "regular_swap_SEQ_READ",
      "groupid" : 0,
      "error" : 0,
      "eta" : 0,
      "elapsed" : 11,
      "job options" : {
        "name" : "regular_swap_SEQ_READ",
        "filename" : "/swapfile",
        "rw" : "read",
        "bs" : "1M",
        "direct" : "1",
        "numjobs" : "8",
        "runtime" : "10"
      },
      "read" : {
        "io_bytes" : 50704941056,
        "io_kbytes" : 49516544,
        "bw_bytes" : 5069987106,
        "bw" : 4951159,
        "iops" : 4835.116488,
        "runtime" : 10001,
        "total_ios" : 48356,
        "short_ios" : 0,
        "drop_ios" : 0,
        "slat_ns" : {
          "min" : 0,
          "max" : 0,
          "mean" : 0.000000,
          "stddev" : 0.000000,
          "N" : 0
        },
        "clat_ns" : {
          "min" : 308188,
          "max" : 50232654,
          "mean" : 1654106.173732,
          "stddev" : 1865448.804458,
          "N" : 48356,
          "percentile" : {
            "1.000000" : 708608,
            "5.000000" : 897024,
            "10.000000" : 987136,
            "20.000000" : 1089536,
            "30.000000" : 1155072,
            "40.000000" : 1220608,
            "50.000000" : 1286144,
            "60.000000" : 1368064,
            "70.000000" : 1515520,
            "80.000000" : 2007040,
            "90.000000" : 2736128,
            "95.000000" : 3260416,
            "99.000000" : 4358144,
            "99.500000" : 5210112,
            "99.900000" : 31850496,
            "99.950000" : 43778048,
            "99.990000" : 49545216
          }
        },
        "lat_ns" : {
          "min" : 308248,
          "max" : 50232754,
          "mean" : 1654145.452953,
          "stddev" : 1865450.699701,
          "N" : 48356
        },
        "bw_min" : 2807808,
        "bw_max" : 6692864,
        "bw_agg" : 98.764284,
        "bw_mean" : 4889977.263158,
        "bw_dev" : 129792.852079,
        "bw_samples" : 152,
        "iops_min" : 2742,
        "iops_max" : 6536,
        "iops_mean" : 4775.368421,
        "iops_stddev" : 126.750832,
        "iops_samples" : 152
      },
      "write" : {
        "io_bytes" : 0,
        "io_kbytes" : 0,
        "bw_bytes" : 0,
        "bw" : 0,
        "iops" : 0.000000,
        "runtime" : 0,
        "total_ios" : 0,
        "short_ios" : 0,
        "drop_ios" : 0,
        "slat_ns" : {
          "min" : 0,
          "max" : 0,
          "mean" : 0.000000,
          "stddev" : 0.000000,
          "N" : 0
        },
        "clat_ns" : {
          "min" : 0,
          "max" : 0,
          "mean" : 0.000000,
          "stddev" : 0.000000,
          "N" : 0
        },
        "lat_ns" : {
          "min" : 0,
          "max" : 0,
          "mean" : 0.000000,
          "stddev" : 0.000000,
          "N" : 0
        },
        "bw_min" : 0,
        "bw_max" : 0,
        "bw_agg" : 0.000000,
        "bw_mean" : 0.000000,
        "bw_dev" : 0.000000,
        "bw_samples" : 0,
        "iops_min" : 0,
        "iops_max" : 0,
        "iops_mean" : 0.000000,
        "iops_stddev" : 0.000000,
        "iops_samples" : 0
      },
      "trim" : {
        "io_bytes" : 0,
        "io_kbytes" : 0,
        "bw_bytes" : 0,
        "bw" : 0,
        "iops" : 0.000000,
        "runtime" : 0,
        "total_ios" : 0,
        "short_ios" : 0,
        "drop_ios" : 0,
        "slat_ns" : {
          "min" : 0,
          "max" : 0,
          "mean" : 0.000000,
          "stddev" : 0.000000,
          "N" : 0
        },
        "clat_ns" : {
          "min" : 0,
          "max" : 0,
          "mean" : 0.000000,
          "stddev" : 0.000000,
          "N" : 0
        },
        "lat_ns" : {
          "min" : 0,
          "max" : 0,
          "mean" : 0.000000,
          "stddev" : 0.000000,
          "N" : 0
        },
        "bw_min" : 0,
        "bw_max" : 0,
        "bw_agg" : 0.000000,
        "bw_mean" : 0.000000,
        "bw_dev" : 0.000000,
        "bw_samples" : 0,
        "iops_min" : 0,
        "iops_max" : 0,
        "iops_mean" : 0.000000,
        "iops_stddev" : 0.000000,
        "iops_samples" : 0
      },
      "sync" : {
        "total_ios" : 0,
        "lat_ns" : {
          "min" : 0,
          "max" : 0,
          "mean" : 0.000000,
          "stddev" : 0.000000,
          "N" : 0
        }
      },
      "job_runtime" : 80000,
      "usr_cpu" : 0.043750,
      "sys_cpu" : 3.658750,
      "ctx" : 48719,
      "majf" : 0,
      "minf" : 2165,
      "iodepth_level" : {
        "1" : 100.000000,
        "2" : 0.000000,
        "4" : 0.000000,
        "8" : 0.000000,
        "16" : 0.000000,
        "32" : 0.000000,
        ">=64" : 0.000000
      },
      "iodepth_submit" : {
        "0" : 0.000000,
        "4" : 100.000000,
        "8" : 0.000000,
        "16" : 0.000000,
        "32" : 0.000000,
        "64" : 0.000000,
        ">=64" : 0.000000
      },
      "iodepth_complete" : {
        "0" : 0.000000,
        "4" : 100.000000,
        "8" : 0.000000,
        "16" : 0.000000,
        "32" : 0.000000,
        "64" : 0.000000,
        ">=64" : 0.000000
      },
      "latency_ns" : {
        "2" : 0.000000,
        "4" : 0.000000,
        "10" : 0.000000,
        "20" : 0.000000,
        "50" : 0.000000,
        "100" : 0.000000,
        "250" : 0.000000,
        "500" : 0.000000,
        "750" : 0.000000,
        "1000" : 0.000000
      },
      "latency_us" : {
        "2" : 0.000000,
        "4" : 0.000000,
        "10" : 0.000000,
        "20" : 0.000000,
        "50" : 0.000000,
        "100" : 0.000000,
        "250" : 0.000000,
        "500" : 0.132352,
        "750" : 1.352469,
        "1000" : 9.550004
      },
      "latency_ms" : {
        "2" : 68.934569,
        "4" : 18.365870,
        "10" : 1.354537,
        "20" : 0.028952,
        "50" : 0.279179,
        "100" : 0.010000,
        "250" : 0.000000,
        "500" : 0.000000,
        "750" : 0.000000,
        "1000" : 0.000000,
        "2000" : 0.000000,
        ">=2000" : 0.000000
      },
      "latency_depth" : 1,
      "latency_target" : 0,
      "latency_percentile" : 100.000000,
      "latency_window" : 0
    }
  ],
  "disk_util" : [
    {
      "name" : "nvme0n1",
      "read_ios" : 380037,
      "write_ios" : 198,
      "read_merges" : 2026,
      "write_merges" : 148,
      "read_ticks" : 467585,
      "write_ticks" : 133,
      "in_queue" : 467762,
      "util" : 83.440128
    }
  ]
}
