{
  "fio version" : "fio-3.28",
  "timestamp" : 1767706062,
  "timestamp_ms" : 1767706062579,
  "time" : "Tue Jan  6 14:27:42 2026",
  "jobs" : [
    {
      "jobname" : "regular_swap_SEQ_READ",
      "groupid" : 0,
      "error" : 0,
      "eta" : 0,
      "elapsed" : 11,
      "job options" : {
        "name" : "regular_swap_SEQ_READ",
        "filename" : "/swapfile",
        "rw" : "read",
        "bs" : "1M",
        "direct" : "1",
        "numjobs" : "8",
        "runtime" : "10"
      },
      "read" : {
        "io_bytes" : 47600107520,
        "io_kbytes" : 46484480,
        "bw_bytes" : 4759534798,
        "bw" : 4647983,
        "iops" : 4539.046095,
        "runtime" : 10001,
        "total_ios" : 45395,
        "short_ios" : 0,
        "drop_ios" : 0,
        "slat_ns" : {
          "min" : 0,
          "max" : 0,
          "mean" : 0.000000,
          "stddev" : 0.000000,
          "N" : 0
        },
        "clat_ns" : {
          "min" : 311309,
          "max" : 52122705,
          "mean" : 1761962.694878,
          "stddev" : 1936050.421701,
          "N" : 45395,
          "percentile" : {
            "1.000000" : 724992,
            "5.000000" : 913408,
            "10.000000" : 995328,
            "20.000000" : 1089536,
            "30.000000" : 1155072,
            "40.000000" : 1220608,
            "50.000000" : 1286144,
            "60.000000" : 1384448,
            "70.000000" : 1564672,
            "80.000000" : 2342912,
            "90.000000" : 3162112,
            "95.000000" : 3686400,
            "99.000000" : 4882432,
            "99.500000" : 5603328,
            "99.900000" : 32636928,
            "99.950000" : 45350912,
            "99.990000" : 50069504
          }
        },
        "lat_ns" : {
          "min" : 311339,
          "max" : 52122745,
          "mean" : 1762004.835400,
          "stddev" : 1936052.043804,
          "N" : 45395
        },
        "bw_min" : 2453504,
        "bw_max" : 6844416,
        "bw_agg" : 98.181056,
        "bw_mean" : 4563439.578947,
        "bw_dev" : 179264.459515,
        "bw_samples" : 152,
        "iops_min" : 2396,
        "iops_max" : 6684,
        "iops_mean" : 4456.315789,
        "iops_stddev" : 175.091591,
        "iops_samples" : 152
      },
      "write" : {
        "io_bytes" : 0,
        "io_kbytes" : 0,
        "bw_bytes" : 0,
        "bw" : 0,
        "iops" : 0.000000,
        "runtime" : 0,
        "total_ios" : 0,
        "short_ios" : 0,
        "drop_ios" : 0,
        "slat_ns" : {
          "min" : 0,
          "max" : 0,
          "mean" : 0.000000,
          "stddev" : 0.000000,
          "N" : 0
        },
        "clat_ns" : {
          "min" : 0,
          "max" : 0,
          "mean" : 0.000000,
          "stddev" : 0.000000,
          "N" : 0
        },
        "lat_ns" : {
          "min" : 0,
          "max" : 0,
          "mean" : 0.000000,
          "stddev" : 0.000000,
          "N" : 0
        },
        "bw_min" : 0,
        "bw_max" : 0,
        "bw_agg" : 0.000000,
        "bw_mean" : 0.000000,
        "bw_dev" : 0.000000,
        "bw_samples" : 0,
        "iops_min" : 0,
        "iops_max" : 0,
        "iops_mean" : 0.000000,
        "iops_stddev" : 0.000000,
        "iops_samples" : 0
      },
      "trim" : {
        "io_bytes" : 0,
        "io_kbytes" : 0,
        "bw_bytes" : 0,
        "bw" : 0,
        "iops" : 0.000000,
        "runtime" : 0,
        "total_ios" : 0,
        "short_ios" : 0,
        "drop_ios" : 0,
        "slat_ns" : {
          "min" : 0,
          "max" : 0,
          "mean" : 0.000000,
          "stddev" : 0.000000,
          "N" : 0
        },
        "clat_ns" : {
          "min" : 0,
          "max" : 0,
          "mean" : 0.000000,
          "stddev" : 0.000000,
          "N" : 0
        },
        "lat_ns" : {
          "min" : 0,
          "max" : 0,
          "mean" : 0.000000,
          "stddev" : 0.000000,
          "N" : 0
        },
        "bw_min" : 0,
        "bw_max" : 0,
        "bw_agg" : 0.000000,
        "bw_mean" : 0.000000,
        "bw_dev" : 0.000000,
        "bw_samples" : 0,
        "iops_min" : 0,
        "iops_max" : 0,
        "iops_mean" : 0.000000,
        "iops_stddev" : 0.000000,
        "iops_samples" : 0
      },
      "sync" : {
        "total_ios" : 0,
        "lat_ns" : {
          "min" : 0,
          "max" : 0,
          "mean" : 0.000000,
          "stddev" : 0.000000,
          "N" : 0
        }
      },
      "job_runtime" : 80000,
      "usr_cpu" : 0.051250,
      "sys_cpu" : 3.506250,
      "ctx" : 45683,
      "majf" : 0,
      "minf" : 2166,
      "iodepth_level" : {
        "1" : 100.000000,
        "2" : 0.000000,
        "4" : 0.000000,
        "8" : 0.000000,
        "16" : 0.000000,
        "32" : 0.000000,
        ">=64" : 0.000000
      },
      "iodepth_submit" : {
        "0" : 0.000000,
        "4" : 100.000000,
        "8" : 0.000000,
        "16" : 0.000000,
        "32" : 0.000000,
        "64" : 0.000000,
        ">=64" : 0.000000
      },
      "iodepth_complete" : {
        "0" : 0.000000,
        "4" : 100.000000,
        "8" : 0.000000,
        "16" : 0.000000,
        "32" : 0.000000,
        "64" : 0.000000,
        ">=64" : 0.000000
      },
      "latency_ns" : {
        "2" : 0.000000,
        "4" : 0.000000,
        "10" : 0.000000,
        "20" : 0.000000,
        "50" : 0.000000,
        "100" : 0.000000,
        "250" : 0.000000,
        "500" : 0.000000,
        "750" : 0.000000,
        "1000" : 0.000000
      },
      "latency_us" : {
        "2" : 0.000000,
        "4" : 0.000000,
        "10" : 0.000000,
        "20" : 0.000000,
        "50" : 0.000000,
        "100" : 0.000000,
        "250" : 0.000000,
        "500" : 0.094724,
        "750" : 1.158718,
        "1000" : 8.901861
      },
      "latency_ms" : {
        "2" : 66.181297,
        "4" : 20.389911,
        "10" : 2.954070,
        "20" : 0.010000,
        "50" : 0.312810,
        "100" : 0.010000,
        "250" : 0.000000,
        "500" : 0.000000,
        "750" : 0.000000,
        "1000" : 0.000000,
        "2000" : 0.000000,
        ">=2000" : 0.000000
      },
      "latency_depth" : 1,
      "latency_target" : 0,
      "latency_percentile" : 100.000000,
      "latency_window" : 0
    }
  ],
  "disk_util" : [
    {
      "name" : "nvme0n1",
      "read_ios" : 366893,
      "write_ios" : 742,
      "read_merges" : 10573,
      "write_merges" : 213,
      "read_ticks" : 485622,
      "write_ticks" : 1498,
      "in_queue" : 487132,
      "util" : 84.861834
    }
  ]
}
