{
  "fio version" : "fio-3.28",
  "timestamp" : 1767706074,
  "timestamp_ms" : 1767706074389,
  "time" : "Tue Jan  6 14:27:54 2026",
  "jobs" : [
    {
      "jobname" : "regular_swap_RAND_READ",
      "groupid" : 0,
      "error" : 0,
      "eta" : 0,
      "elapsed" : 11,
      "job options" : {
        "name" : "regular_swap_RAND_READ",
        "filename" : "/swapfile",
        "rw" : "randread",
        "bs" : "4k",
        "direct" : "1",
        "iodepth" : "32",
        "numjobs" : "4",
        "runtime" : "10"
      },
      "read" : {
        "io_bytes" : 3097137152,
        "io_kbytes" : 3024548,
        "bw_bytes" : 309682746,
        "bw" : 302424,
        "iops" : 75606.139386,
        "runtime" : 10001,
        "total_ios" : 756137,
        "short_ios" : 0,
        "drop_ios" : 0,
        "slat_ns" : {
          "min" : 0,
          "max" : 0,
          "mean" : 0.000000,
          "stddev" : 0.000000,
          "N" : 0
        },
        "clat_ns" : {
          "min" : 13000,
          "max" : 21976845,
          "mean" : 52573.460007,
          "stddev" : 213520.281135,
          "N" : 756137,
          "percentile" : {
            "1.000000" : 43264,
            "5.000000" : 45312,
            "10.000000" : 46848,
            "20.000000" : 47360,
            "30.000000" : 47872,
            "40.000000" : 47872,
            "50.000000" : 48384,
            "60.000000" : 48896,
            "70.000000" : 49408,
            "80.000000" : 50944,
            "90.000000" : 52992,
            "95.000000" : 54528,
            "99.000000" : 69120,
            "99.500000" : 92672,
            "99.900000" : 489472,
            "99.950000" : 888832,
            "99.990000" : 2605056
          }
        },
        "lat_ns" : {
          "min" : 13020,
          "max" : 21976985,
          "mean" : 52597.352152,
          "stddev" : 213520.535054,
          "N" : 756137
        },
        "bw_min" : 236928,
        "bw_max" : 325464,
        "bw_agg" : 99.688664,
        "bw_mean" : 301483.368421,
        "bw_dev" : 5318.742050,
        "bw_samples" : 76,
        "iops_min" : 59232,
        "iops_max" : 81366,
        "iops_mean" : 75370.842105,
        "iops_stddev" : 1329.685512,
        "iops_samples" : 76
      },
      "write" : {
        "io_bytes" : 0,
        "io_kbytes" : 0,
        "bw_bytes" : 0,
        "bw" : 0,
        "iops" : 0.000000,
        "runtime" : 0,
        "total_ios" : 0,
        "short_ios" : 0,
        "drop_ios" : 0,
        "slat_ns" : {
          "min" : 0,
          "max" : 0,
          "mean" : 0.000000,
          "stddev" : 0.000000,
          "N" : 0
        },
        "clat_ns" : {
          "min" : 0,
          "max" : 0,
          "mean" : 0.000000,
          "stddev" : 0.000000,
          "N" : 0
        },
        "lat_ns" : {
          "min" : 0,
          "max" : 0,
          "mean" : 0.000000,
          "stddev" : 0.000000,
          "N" : 0
        },
        "bw_min" : 0,
        "bw_max" : 0,
        "bw_agg" : 0.000000,
        "bw_mean" : 0.000000,
        "bw_dev" : 0.000000,
        "bw_samples" : 0,
        "iops_min" : 0,
        "iops_max" : 0,
        "iops_mean" : 0.000000,
        "iops_stddev" : 0.000000,
        "iops_samples" : 0
      },
      "trim" : {
        "io_bytes" : 0,
        "io_kbytes" : 0,
        "bw_bytes" : 0,
        "bw" : 0,
        "iops" : 0.000000,
        "runtime" : 0,
        "total_ios" : 0,
        "short_ios" : 0,
        "drop_ios" : 0,
        "slat_ns" : {
          "min" : 0,
          "max" : 0,
          "mean" : 0.000000,
          "stddev" : 0.000000,
          "N" : 0
        },
        "clat_ns" : {
          "min" : 0,
          "max" : 0,
          "mean" : 0.000000,
          "stddev" : 0.000000,
          "N" : 0
        },
        "lat_ns" : {
          "min" : 0,
          "max" : 0,
          "mean" : 0.000000,
          "stddev" : 0.000000,
          "N" : 0
        },
        "bw_min" : 0,
        "bw_max" : 0,
        "bw_agg" : 0.000000,
        "bw_mean" : 0.000000,
        "bw_dev" : 0.000000,
        "bw_samples" : 0,
        "iops_min" : 0,
        "iops_max" : 0,
        "iops_mean" : 0.000000,
        "iops_stddev" : 0.000000,
        "iops_samples" : 0
      },
      "sync" : {
        "total_ios" : 0,
        "lat_ns" : {
          "min" : 0,
          "max" : 0,
          "mean" : 0.000000,
          "stddev" : 0.000000,
          "N" : 0
        }
      },
      "job_runtime" : 40000,
      "usr_cpu" : 1.262500,
      "sys_cpu" : 8.802500,
      "ctx" : 757007,
      "majf" : 0,
      "minf" : 68,
      "iodepth_level" : {
        "1" : 100.000000,
        "2" : 0.000000,
        "4" : 0.000000,
        "8" : 0.000000,
        "16" : 0.000000,
        "32" : 0.000000,
        ">=64" : 0.000000
      },
      "iodepth_submit" : {
        "0" : 0.000000,
        "4" : 100.000000,
        "8" : 0.000000,
        "16" : 0.000000,
        "32" : 0.000000,
        "64" : 0.000000,
        ">=64" : 0.000000
      },
      "iodepth_complete" : {
        "0" : 0.000000,
        "4" : 100.000000,
        "8" : 0.000000,
        "16" : 0.000000,
        "32" : 0.000000,
        "64" : 0.000000,
        ">=64" : 0.000000
      },
      "latency_ns" : {
        "2" : 0.000000,
        "4" : 0.000000,
        "10" : 0.000000,
        "20" : 0.000000,
        "50" : 0.000000,
        "100" : 0.000000,
        "250" : 0.000000,
        "500" : 0.000000,
        "750" : 0.000000,
        "1000" : 0.000000
      },
      "latency_us" : {
        "2" : 0.000000,
        "4" : 0.000000,
        "10" : 0.000000,
        "20" : 0.010000,
        "50" : 74.019655,
        "100" : 25.535055,
        "250" : 0.268470,
        "500" : 0.078425,
        "750" : 0.032666,
        "1000" : 0.025260
      },
      "latency_ms" : {
        "2" : 0.028169,
        "4" : 0.010000,
        "10" : 0.000000,
        "20" : 0.000000,
        "50" : 0.010000,
        "100" : 0.000000,
        "250" : 0.000000,
        "500" : 0.000000,
        "750" : 0.000000,
        "1000" : 0.000000,
        "2000" : 0.000000,
        ">=2000" : 0.000000
      },
      "latency_depth" : 32,
      "latency_target" : 0,
      "latency_percentile" : 100.000000,
      "latency_window" : 0
    }
  ],
  "disk_util" : [
    {
      "name" : "nvme0n1",
      "read_ios" : 752266,
      "write_ios" : 217,
      "read_merges" : 6349,
      "write_merges" : 125,
      "read_ticks" : 37177,
      "write_ticks" : 19,
      "in_queue" : 37200,
      "util" : 73.683684
    }
  ]
}
