{
  "fio version" : "fio-3.28",
  "timestamp" : 1767706001,
  "timestamp_ms" : 1767706001143,
  "time" : "Tue Jan  6 14:26:41 2026",
  "jobs" : [
    {
      "jobname" : "kernel_zram_SEQ_READ",
      "groupid" : 0,
      "error" : 0,
      "eta" : 0,
      "elapsed" : 11,
      "job options" : {
        "name" : "kernel_zram_SEQ_READ",
        "filename" : "/dev/zram0",
        "rw" : "read",
        "bs" : "1M",
        "direct" : "1",
        "numjobs" : "8",
        "runtime" : "10"
      },
      "read" : {
        "io_bytes" : 1715863552000,
        "io_kbytes" : 1675648000,
        "bw_bytes" : 171569198280,
        "bw" : 167548045,
        "iops" : 163621.137886,
        "runtime" : 10001,
        "total_ios" : 1636375,
        "short_ios" : 0,
        "drop_ios" : 0,
        "slat_ns" : {
          "min" : 0,
          "max" : 0,
          "mean" : 0.000000,
          "stddev" : 0.000000,
          "N" : 0
        },
        "clat_ns" : {
          "min" : 44038,
          "max" : 745026,
          "mean" : 48605.707381,
          "stddev" : 6566.377060,
          "N" : 1636375,
          "percentile" : {
            "1.000000" : 45312,
            "5.000000" : 45312,
            "10.000000" : 45824,
            "20.000000" : 46336,
            "30.000000" : 46848,
            "40.000000" : 46848,
            "50.000000" : 46848,
            "60.000000" : 47360,
            "70.000000" : 47360,
            "80.000000" : 47872,
            "90.000000" : 50944,
            "95.000000" : 60160,
            "99.000000" : 81408,
            "99.500000" : 83456,
            "99.900000" : 86528,
            "99.950000" : 89600,
            "99.990000" : 110080
          }
        },
        "lat_ns" : {
          "min" : 44068,
          "max" : 745056,
          "mean" : 48651.869306,
          "stddev" : 6568.810108,
          "N" : 1636375
        },
        "bw_min" : 133167104,
        "bw_max" : 174333952,
        "bw_agg" : 100.000000,
        "bw_mean" : 167972971.789474,
        "bw_dev" : 1483758.212948,
        "bw_samples" : 152,
        "iops_min" : 130046,
        "iops_max" : 170248,
        "iops_mean" : 164036.210526,
        "iops_stddev" : 1448.990767,
        "iops_samples" : 152
      },
      "write" : {
        "io_bytes" : 0,
        "io_kbytes" : 0,
        "bw_bytes" : 0,
        "bw" : 0,
        "iops" : 0.000000,
        "runtime" : 0,
        "total_ios" : 0,
        "short_ios" : 0,
        "drop_ios" : 0,
        "slat_ns" : {
          "min" : 0,
          "max" : 0,
          "mean" : 0.000000,
          "stddev" : 0.000000,
          "N" : 0
        },
        "clat_ns" : {
          "min" : 0,
          "max" : 0,
          "mean" : 0.000000,
          "stddev" : 0.000000,
          "N" : 0
        },
        "lat_ns" : {
          "min" : 0,
          "max" : 0,
          "mean" : 0.000000,
          "stddev" : 0.000000,
          "N" : 0
        },
        "bw_min" : 0,
        "bw_max" : 0,
        "bw_agg" : 0.000000,
        "bw_mean" : 0.000000,
        "bw_dev" : 0.000000,
        "bw_samples" : 0,
        "iops_min" : 0,
        "iops_max" : 0,
        "iops_mean" : 0.000000,
        "iops_stddev" : 0.000000,
        "iops_samples" : 0
      },
      "trim" : {
        "io_bytes" : 0,
        "io_kbytes" : 0,
        "bw_bytes" : 0,
        "bw" : 0,
        "iops" : 0.000000,
        "runtime" : 0,
        "total_ios" : 0,
        "short_ios" : 0,
        "drop_ios" : 0,
        "slat_ns" : {
          "min" : 0,
          "max" : 0,
          "mean" : 0.000000,
          "stddev" : 0.000000,
          "N" : 0
        },
        "clat_ns" : {
          "min" : 0,
          "max" : 0,
          "mean" : 0.000000,
          "stddev" : 0.000000,
          "N" : 0
        },
        "lat_ns" : {
          "min" : 0,
          "max" : 0,
          "mean" : 0.000000,
          "stddev" : 0.000000,
          "N" : 0
        },
        "bw_min" : 0,
        "bw_max" : 0,
        "bw_agg" : 0.000000,
        "bw_mean" : 0.000000,
        "bw_dev" : 0.000000,
        "bw_samples" : 0,
        "iops_min" : 0,
        "iops_max" : 0,
        "iops_mean" : 0.000000,
        "iops_stddev" : 0.000000,
        "iops_samples" : 0
      },
      "sync" : {
        "total_ios" : 0,
        "lat_ns" : {
          "min" : 0,
          "max" : 0,
          "mean" : 0.000000,
          "stddev" : 0.000000,
          "N" : 0
        }
      },
      "job_runtime" : 80000,
      "usr_cpu" : 1.142500,
      "sys_cpu" : 98.821250,
      "ctx" : 513,
      "majf" : 0,
      "minf" : 2161,
      "iodepth_level" : {
        "1" : 100.000000,
        "2" : 0.000000,
        "4" : 0.000000,
        "8" : 0.000000,
        "16" : 0.000000,
        "32" : 0.000000,
        ">=64" : 0.000000
      },
      "iodepth_submit" : {
        "0" : 0.000000,
        "4" : 100.000000,
        "8" : 0.000000,
        "16" : 0.000000,
        "32" : 0.000000,
        "64" : 0.000000,
        ">=64" : 0.000000
      },
      "iodepth_complete" : {
        "0" : 0.000000,
        "4" : 100.000000,
        "8" : 0.000000,
        "16" : 0.000000,
        "32" : 0.000000,
        "64" : 0.000000,
        ">=64" : 0.000000
      },
      "latency_ns" : {
        "2" : 0.000000,
        "4" : 0.000000,
        "10" : 0.000000,
        "20" : 0.000000,
        "50" : 0.000000,
        "100" : 0.000000,
        "250" : 0.000000,
        "500" : 0.000000,
        "750" : 0.000000,
        "1000" : 0.000000
      },
      "latency_us" : {
        "2" : 0.000000,
        "4" : 0.000000,
        "10" : 0.000000,
        "20" : 0.000000,
        "50" : 89.117164,
        "100" : 10.851364,
        "250" : 0.030739,
        "500" : 0.010000,
        "750" : 0.010000,
        "1000" : 0.000000
      },
      "latency_ms" : {
        "2" : 0.000000,
        "4" : 0.000000,
        "10" : 0.000000,
        "20" : 0.000000,
        "50" : 0.000000,
        "100" : 0.000000,
        "250" : 0.000000,
        "500" : 0.000000,
        "750" : 0.000000,
        "1000" : 0.000000,
        "2000" : 0.000000,
        ">=2000" : 0.000000
      },
      "latency_depth" : 1,
      "latency_target" : 0,
      "latency_percentile" : 100.000000,
      "latency_window" : 0
    }
  ],
  "disk_util" : [
    {
      "name" : "zram0",
      "read_ios" : 1612860,
      "write_ios" : 0,
      "read_merges" : 0,
      "write_merges" : 0,
      "read_ticks" : 37004,
      "write_ticks" : 0,
      "in_queue" : 37004,
      "util" : 98.272919
    }
  ]
}
