{
  "fio version" : "fio-3.28",
  "timestamp" : 1767705976,
  "timestamp_ms" : 1767705976030,
  "time" : "Tue Jan  6 14:26:16 2026",
  "jobs" : [
    {
      "jobname" : "regular_swap_SEQ_READ",
      "groupid" : 0,
      "error" : 0,
      "eta" : 0,
      "elapsed" : 11,
      "job options" : {
        "name" : "regular_swap_SEQ_READ",
        "filename" : "/swapfile",
        "rw" : "read",
        "bs" : "1M",
        "direct" : "1",
        "numjobs" : "8",
        "runtime" : "10"
      },
      "read" : {
        "io_bytes" : 41672507392,
        "io_kbytes" : 40695808,
        "bw_bytes" : 4166834055,
        "bw" : 4069173,
        "iops" : 3973.802620,
        "runtime" : 10001,
        "total_ios" : 39742,
        "short_ios" : 0,
        "drop_ios" : 0,
        "slat_ns" : {
          "min" : 0,
          "max" : 0,
          "mean" : 0.000000,
          "stddev" : 0.000000,
          "N" : 0
        },
        "clat_ns" : {
          "min" : 301964,
          "max" : 57306107,
          "mean" : 2012610.020759,
          "stddev" : 2230673.827396,
          "N" : 39742,
          "percentile" : {
            "1.000000" : 724992,
            "5.000000" : 929792,
            "10.000000" : 1019904,
            "20.000000" : 1122304,
            "30.000000" : 1204224,
            "40.000000" : 1286144,
            "50.000000" : 1417216,
            "60.000000" : 1744896,
            "70.000000" : 2310144,
            "80.000000" : 2834432,
            "90.000000" : 3391488,
            "95.000000" : 3883008,
            "99.000000" : 5144576,
            "99.500000" : 6127616,
            "99.900000" : 40632320,
            "99.950000" : 46923776,
            "99.990000" : 54788096
          }
        },
        "lat_ns" : {
          "min" : 301984,
          "max" : 57306247,
          "mean" : 2012658.326581,
          "stddev" : 2230676.114240,
          "N" : 39742
        },
        "bw_min" : 2267136,
        "bw_max" : 6963200,
        "bw_agg" : 97.061986,
        "bw_mean" : 3949621.894737,
        "bw_dev" : 158943.374146,
        "bw_samples" : 152,
        "iops_min" : 2214,
        "iops_max" : 6800,
        "iops_mean" : 3857.052632,
        "iops_stddev" : 155.218139,
        "iops_samples" : 152
      },
      "write" : {
        "io_bytes" : 0,
        "io_kbytes" : 0,
        "bw_bytes" : 0,
        "bw" : 0,
        "iops" : 0.000000,
        "runtime" : 0,
        "total_ios" : 0,
        "short_ios" : 0,
        "drop_ios" : 0,
        "slat_ns" : {
          "min" : 0,
          "max" : 0,
          "mean" : 0.000000,
          "stddev" : 0.000000,
          "N" : 0
        },
        "clat_ns" : {
          "min" : 0,
          "max" : 0,
          "mean" : 0.000000,
          "stddev" : 0.000000,
          "N" : 0
        },
        "lat_ns" : {
          "min" : 0,
          "max" : 0,
          "mean" : 0.000000,
          "stddev" : 0.000000,
          "N" : 0
        },
        "bw_min" : 0,
        "bw_max" : 0,
        "bw_agg" : 0.000000,
        "bw_mean" : 0.000000,
        "bw_dev" : 0.000000,
        "bw_samples" : 0,
        "iops_min" : 0,
        "iops_max" : 0,
        "iops_mean" : 0.000000,
        "iops_stddev" : 0.000000,
        "iops_samples" : 0
      },
      "trim" : {
        "io_bytes" : 0,
        "io_kbytes" : 0,
        "bw_bytes" : 0,
        "bw" : 0,
        "iops" : 0.000000,
        "runtime" : 0,
        "total_ios" : 0,
        "short_ios" : 0,
        "drop_ios" : 0,
        "slat_ns" : {
          "min" : 0,
          "max" : 0,
          "mean" : 0.000000,
          "stddev" : 0.000000,
          "N" : 0
        },
        "clat_ns" : {
          "min" : 0,
          "max" : 0,
          "mean" : 0.000000,
          "stddev" : 0.000000,
          "N" : 0
        },
        "lat_ns" : {
          "min" : 0,
          "max" : 0,
          "mean" : 0.000000,
          "stddev" : 0.000000,
          "N" : 0
        },
        "bw_min" : 0,
        "bw_max" : 0,
        "bw_agg" : 0.000000,
        "bw_mean" : 0.000000,
        "bw_dev" : 0.000000,
        "bw_samples" : 0,
        "iops_min" : 0,
        "iops_max" : 0,
        "iops_mean" : 0.000000,
        "iops_stddev" : 0.000000,
        "iops_samples" : 0
      },
      "sync" : {
        "total_ios" : 0,
        "lat_ns" : {
          "min" : 0,
          "max" : 0,
          "mean" : 0.000000,
          "stddev" : 0.000000,
          "N" : 0
        }
      },
      "job_runtime" : 80000,
      "usr_cpu" : 0.057500,
      "sys_cpu" : 3.235000,
      "ctx" : 39967,
      "majf" : 0,
      "minf" : 2166,
      "iodepth_level" : {
        "1" : 100.000000,
        "2" : 0.000000,
        "4" : 0.000000,
        "8" : 0.000000,
        "16" : 0.000000,
        "32" : 0.000000,
        ">=64" : 0.000000
      },
      "iodepth_submit" : {
        "0" : 0.000000,
        "4" : 100.000000,
        "8" : 0.000000,
        "16" : 0.000000,
        "32" : 0.000000,
        "64" : 0.000000,
        ">=64" : 0.000000
      },
      "iodepth_complete" : {
        "0" : 0.000000,
        "4" : 100.000000,
        "8" : 0.000000,
        "16" : 0.000000,
        "32" : 0.000000,
        "64" : 0.000000,
        ">=64" : 0.000000
      },
      "latency_ns" : {
        "2" : 0.000000,
        "4" : 0.000000,
        "10" : 0.000000,
        "20" : 0.000000,
        "50" : 0.000000,
        "100" : 0.000000,
        "250" : 0.000000,
        "500" : 0.000000,
        "750" : 0.000000,
        "1000" : 0.000000
      },
      "latency_us" : {
        "2" : 0.000000,
        "4" : 0.000000,
        "10" : 0.000000,
        "20" : 0.000000,
        "50" : 0.000000,
        "100" : 0.000000,
        "250" : 0.000000,
        "500" : 0.118263,
        "750" : 1.104625,
        "1000" : 7.583916
      },
      "latency_ms" : {
        "2" : 55.432540,
        "4" : 31.465452,
        "10" : 3.887575,
        "20" : 0.020130,
        "50" : 0.362337,
        "100" : 0.025162,
        "250" : 0.000000,
        "500" : 0.000000,
        "750" : 0.000000,
        "1000" : 0.000000,
        "2000" : 0.000000,
        ">=2000" : 0.000000
      },
      "latency_depth" : 1,
      "latency_target" : 0,
      "latency_percentile" : 100.000000,
      "latency_window" : 0
    }
  ],
  "disk_util" : [
    {
      "name" : "nvme0n1",
      "read_ios" : 311953,
      "write_ios" : 184,
      "read_merges" : 326,
      "write_merges" : 77,
      "read_ticks" : 477295,
      "write_ticks" : 336,
      "in_queue" : 477661,
      "util" : 84.663129
    }
  ]
}
